"rank","score","tier","firm","account_type","buyer_moment_DERIVED","lead_with","contact_name","contact_title","linkedin_action","linkedin_query","texas","verticals_active","website","source_url","org_id","score_detail","notes","flag"
"1","73","B","Green Heron Partners","P3_INDEPENDENT_SPONSOR","unknown","conviction","Houston Johnson","Managing Partner","Connect with Houston Johnson, Managing Partner","Lead search: ""Houston Johnson"" · Current company = ""Green Heron Partners""","yes","commercial_plumbing|facilities_services","greenheronpartners.com","https://www.prnewswire.com/news-releases/green-heron-partners-announces-strategic-investment-in-regency-plumbing-contractors-302694264.html","ORG-104","need 8 (unknown) · lane 25 (dfw yes, trade match) · reach 15 · structure 10 (independent_sponsor) · activity 15 (5mo since last evidenced deal)","[2026-08-18 client-register-v1 / P3-019] Confirmed fundless (Aviara placement agent). Regency Plumbing (Houston) Feb 2026.",""
"2","66","B","AE Industrial Partners","P1_PE","unknown","conviction","Bryan McElwee","Partner","Connect with Bryan McElwee, Partner","Lead search: ""Bryan McElwee"" · Current company = ""AE Industrial Partners""","yes","fire_life_safety|commercial_hvac|commercial_mep","aeroequity.com","https://www.businesswire.com/news/home/20260120089736/en/","ORG-082","need 8 (unknown) · lane 25 (dfw yes, trade match) · reach 15 · structure 3 (pe_fund) · activity 15 (6mo since last evidenced deal)","[2026-08-18 client-register-v1 / P1-001] United Building Solutions (DFW Mechanical, Wylie TX, Jan 2026); Altus Fire and Life Safety.",""
"3","66","B","Sunny River Management (SRM Equity Partners)","P2_FAMILY_OFFICE","unknown","conviction","John Cote","Managing Partner","Connect with John Cote, Managing Partner","Lead search: ""John Cote"" · Current company = ""Sunny River Management (SRM Equity Partners)""","yes","fire_life_safety|commercial_hvac","sunnyrivermanagement.com","https://firesp.com/news/fire-safety-protection-acquires-livingston-fire-protection-inc/","ORG-100","need 8 (unknown) · lane 25 (dfw yes, trade match) · reach 15 · structure 10 (family_office) · activity 8 (19mo since last evidenced deal)","[2026-08-18 client-register-v1 / P2-036] Private family investment firm. Built Fire Safety & Protection (FSP), 8+ acquisitions. Also Palmetto Air & Water Balance (Abilene/Fort Worth/Lubbock).",""
"4","65","B","Tecta America","P4_PLATFORM","unknown","conviction","Dave Reginelli","CEO","Connect with Dave Reginelli, CEO","Lead search: ""Dave Reginelli"" · Current company = ""Tecta America""","yes","roofing","tectaamerica.com","https://ctacquisitions.com/roofing-pe-rollup-tracker-2026/","ORG-121","need 8 (unknown) · lane 25 (dfw yes, trade match) · reach 15 · structure 5 (platform) · activity 12 (8mo since last evidenced deal)","[2026-08-18 client-register-v1 / P4-059] Largest PE-backed commercial roofing platform, 100+ locations. Texas Roofing (Round Rock) Dec 2025, 6th add-on of 2025.",""
"5","63","B","Bright Equities","Single family office","thesis_no_flow","origination","Paul Thibodeaux","President & Managing Director","Connect with Paul Thibodeaux, President & Managing Director","Lead search: ""Paul Thibodeaux"" · Current company = ""Bright Equities""","unknown","","brightequities.com","https://brightequities.com/","ORG-004","need 35 (thesis_no_flow) · lane 3 (dfw unknown, trade miss) · reach 15 · structure 10 (family_office) · activity 5 (no dated deal evidence) · ×0.92 trade press, not their own disclosure","Flagged low confidence in research pass 2 — verify they actually deploy into acquisitions.",""
"6","63","B","Platte River Equity","P1_PE","unknown","conviction","Mark Brown","Managing Director","Connect with Mark Brown, Managing Director","Lead search: ""Mark Brown"" · Current company = ""Platte River Equity""","yes","building_automation|commercial_electrical|utility_services","platteriverequity.com","https://platteriverequity.com/platte-river-equity-announces-the-acquisition-of-building-controls-solutions/","ORG-094","need 8 (unknown) · lane 25 (dfw yes, trade match) · reach 15 · structure 3 (pe_fund) · activity 12 (7mo since last evidenced deal)","[2026-08-18 client-register-v1 / P1-048] Building Controls & Solutions (Dallas); Team UIS (Jan 2026).",""
"7","63","B","United Building Solutions","P4_PLATFORM","unknown","conviction","David Leathers","CEO","Connect with David Leathers, CEO","Lead search: ""David Leathers"" · Current company = ""United Building Solutions""","yes","commercial_hvac|commercial_mep","","https://www.businesswire.com/news/home/20260120089736/en/","ORG-123","need 8 (unknown) · lane 25 (dfw yes, trade match) · reach 10 · structure 5 (platform) · activity 15 (6mo since last evidenced deal)","[2026-08-18 client-register-v1 / P4-064] DFW Mechanical Group (Wylie, TX) Jan 2026 - 2nd add-on since Feb 2025. DFW President: Brett Thomas. Domain not verified.","no domain on file"
"8","59","B","The Sterling Group","P1_PE","unknown","conviction","Greg Elliott","Partner","Connect with Greg Elliott, Partner","Lead search: ""Greg Elliott"" · Current company = ""The Sterling Group""","yes","commercial_mep|residential_plumbing|residential_electrical","sterling-group.com","https://sterling-group.com/","ORG-096","need 8 (unknown) · lane 25 (dfw yes, trade match) · reach 15 · structure 3 (pe_fund) · activity 8 (21mo since last evidenced deal)","[2026-08-18 client-register-v1 / P1-057] L&S Mechanical (Richardson, TX), residential tri-trade MEP new construction, held in Fund IV. QECC add-on Nov 2024.",""
"9","58","B","BASE Equity Partners","Independent sponsor","thesis_no_flow","origination","Benjamin G. Schneider","Founder","Connect with Benjamin G. Schneider, Founder","Lead search: ""Benjamin G. Schneider"" · Current company = ""BASE Equity Partners""","unknown","","","https://www.iglobalforum.com/","ORG-057","need 35 (thesis_no_flow) · lane 3 (dfw unknown, trade miss) · reach 10 · structure 10 (independent_sponsor) · activity 5 (no dated deal evidence) · ×0.92 trade press, not their own disclosure","","no domain on file"
"10","58","B","Cascadily LLC","Independent sponsor","thesis_no_flow","origination","Josh Susser","Managing Member","Connect with Josh Susser, Managing Member","Lead search: ""Josh Susser"" · Current company = ""Cascadily LLC""","unknown","","","https://www.iglobalforum.com/","ORG-063","need 35 (thesis_no_flow) · lane 3 (dfw unknown, trade miss) · reach 10 · structure 10 (independent_sponsor) · activity 5 (no dated deal evidence) · ×0.92 trade press, not their own disclosure","Included for completeness only.","no domain on file"
"11","58","B","FirstCall Mechanical Group","P4_PLATFORM","unknown","conviction","Evan Eachus","Chief Executive Officer","Connect with Evan Eachus, Chief Executive Officer","Lead search: ""Evan Eachus"" · Current company = ""FirstCall Mechanical Group""","yes","commercial_hvac|commercial_mep|building_automation|commercial_electrical","firstcallmechanical.com","https://www.achrnews.com/articles/152616-skyknight-capital-launches-firstcall-mechanical-group-with-three-acquisitions","ORG-027","need 8 (unknown) · lane 25 (dfw yes, trade match) · reach 15 · structure 5 (platform) · activity 5 (no dated deal evidence)","Commercial MEP fit; Austin not DFW. | prior source_url (2026-08-18): https://www.businesswire.com/ | [2026-08-18 client-register-v1 / P4-021] LC Anderson (Aug 2025); CLS Facility Services. Texas HQ.",""
"12","58","B","Gittemeier Ventures","Single family office","thesis_no_flow","origination","Luke Gittemeier, CFA","Founder / Principal (INFERRED — VERIFY)","Connect with Luke Gittemeier, CFA, Founder / Principal (INFERRED — VERIFY)","Lead search: ""Luke Gittemeier, CFA"" · Current company = ""Gittemeier Ventures""","unknown","","","https://www.axial.net/","ORG-029","need 35 (thesis_no_flow) · lane 3 (dfw unknown, trade miss) · reach 10 · structure 10 (family_office) · activity 5 (no dated deal evidence) · ×0.92 trade press, not their own disclosure","","no domain on file"
"13","58","B","Pritzker Private Capital","P2_FAMILY_OFFICE","unknown","conviction","Eric Kieras","Investment Partner","Connect with Eric Kieras, Investment Partner","Lead search: ""Eric Kieras"" · Current company = ""Pritzker Private Capital""","unknown","landscaping|facilities_services|industrial_services","ppcpartners.com","https://www.ppcpartners.com/","ORG-099","need 8 (unknown) · lane 13 (dfw unknown, trade match) · reach 15 · structure 10 (family_office) · activity 12 (11mo since last evidenced deal)","[2026-08-18 client-register-v1 / P2-027] 31 platforms, 110+ add-ons, >$10B deployed. HeartLand (commercial landscaping).",""
"14","58","B","Prodos Capital","Independent sponsor","thesis_no_flow","origination","Douglas Song","Co-Founder / Managing Director","Connect with Douglas Song, Co-Founder / Managing Director","Lead search: ""Douglas Song"" · Current company = ""Prodos Capital""","unknown","","","https://www.iglobalforum.com/","ORG-074","need 35 (thesis_no_flow) · lane 3 (dfw unknown, trade miss) · reach 10 · structure 10 (independent_sponsor) · activity 5 (no dated deal evidence) · ×0.92 trade press, not their own disclosure","","no domain on file"
"15","58","B","Serata Capital Partners / Calidant Capital","Independent sponsor","thesis_no_flow","origination","Drew N. Bagot","Founder / Managing Partner","Connect with Drew N. Bagot, Founder / Managing Partner","Lead search: ""Drew N. Bagot"" · Current company = ""Serata Capital Partners / Calidant Capital""","unknown","","","https://www.iglobalforum.com/","ORG-013","need 35 (thesis_no_flow) · lane 3 (dfw unknown, trade miss) · reach 10 · structure 10 (independent_sponsor) · activity 5 (no dated deal evidence) · ×0.92 trade press, not their own disclosure","","no domain on file"
"16","58","B","SixFive Partners","Operator-led independent sponsor","thesis_no_flow","origination","Michael Speaker","Co-Founder","Connect with Michael Speaker, Co-Founder","Lead search: ""Michael Speaker"" · Current company = ""SixFive Partners""","unknown","","","https://www.axial.net/","ORG-048","need 35 (thesis_no_flow) · lane 3 (dfw unknown, trade miss) · reach 10 · structure 10 (independent_sponsor) · activity 5 (no dated deal evidence) · ×0.92 trade press, not their own disclosure","","no domain on file"
"17","58","B","SR Capital Advisors","Independent sponsor","thesis_no_flow","origination","Steve Reinstadtler","Principal","Connect with Steve Reinstadtler, Principal","Lead search: ""Steve Reinstadtler"" · Current company = ""SR Capital Advisors""","unknown","","","https://www.iglobalforum.com/","ORG-046","need 35 (thesis_no_flow) · lane 3 (dfw unknown, trade miss) · reach 10 · structure 10 (independent_sponsor) · activity 5 (no dated deal evidence) · ×0.92 trade press, not their own disclosure","","no domain on file"
"18","58","B","Texas HVAC services platform (name undisclosed)","Operator-led independent sponsor","thesis_no_flow","origination","Cody Sechelski","Founder","Connect with Cody Sechelski, Founder","Lead search: ""Cody Sechelski"" · Current company = ""Texas HVAC services platform (name undisclosed)""","unknown","","","https://finance.yahoo.com/small-business/articles/raises-com-r-advises-successful-223000367.html","ORG-015","need 35 (thesis_no_flow) · lane 3 (dfw unknown, trade miss) · reach 10 · structure 10 (independent_sponsor) · activity 5 (no dated deal evidence) · ×0.92 trade press, not their own disclosure","Distinct from unrelated same-name individuals. Structure was equity-light with institutional senior credit.","NAME REDACTED — no company to search; go via the person"
"19","56","B","Align Capital Partners","P1_PE","unknown","conviction","","","Find the corp-dev / BD owner","Lead search: Current company = ""Align Capital Partners"" · Seniority = Director/VP/CXO · Title contains: Corporate Development OR M&A OR Acquisitions OR Business Development","yes","facilities_services|industrial_services","aligncp.com","https://aligncp.com/","ORG-083","need 8 (unknown) · lane 25 (dfw yes, trade match) · reach 5 (no named contact) · structure 3 (pe_fund) · activity 15 (2mo since last evidenced deal)","[2026-08-18 client-register-v1 / P1-003] Dallas office. 40 platforms / 145 add-ons since 2016. Open BD VP role = T5 signal alongside T2.",""
"20","56","B","Bernhard Capital Partners","P1_PE","unknown","conviction","Mark Spender","Partner","Connect with Mark Spender, Partner","Lead search: ""Mark Spender"" · Current company = ""Bernhard Capital Partners""","yes","energy_services|utility_services","bernhardcapital.com","https://www.bernhardcapital.com/bcp-backed-united-utility-services-completes-acquisition-of-bhi-power-delivery/","ORG-085","need 8 (unknown) · lane 15 (dfw yes, trade miss) · reach 15 · structure 3 (pe_fund) · activity 15 (0mo since last evidenced deal)","[2026-08-18 client-register-v1 / P1-013] TechServ (Tyler, TX) platform Jun 2025, 850+ employees, 21 states. Formed United Utility (sold to Sandbrook); Optimum Energy Co.",""
"21","56","B","Greenbelt Capital Partners","P1_PE","unknown","conviction","Chris Murphy","Partner","Connect with Chris Murphy, Partner","Lead search: ""Chris Murphy"" · Current company = ""Greenbelt Capital Partners""","yes","utility_services|energy_services","greenbeltcap.com","https://www.orix.com/deals/greenbelt-capital-partners-agrees-to-acquire-peak-utility-services-group-from-orix-capital-partners/","ORG-087","need 8 (unknown) · lane 15 (dfw yes, trade miss) · reach 15 · structure 3 (pe_fund) · activity 15 (5mo since last evidenced deal)","[2026-08-18 client-register-v1 / P1-023] Definitive agreement to acquire Peak Utility Services from ORIX.",""
"22","56","B","The SEER Group","P4_PLATFORM","unknown","conviction","Justin Nagy","CEO","Connect with Justin Nagy, CEO","Lead search: ""Justin Nagy"" · Current company = ""The SEER Group""","yes","residential_hvac|residential_plumbing|residential_electrical","","https://www.businesswire.com/","ORG-122","need 8 (unknown) · lane 25 (dfw yes, trade match) · reach 10 · structure 5 (platform) · activity 8 (15mo since last evidenced deal)","[2026-08-18 client-register-v1 / P4-063] Swan Electric Plumbing Heating & Air (Sunnyvale TX / greater DFW) Apr 2025 - 42nd brand, Texas entry. Sponsor undisclosed. HQ and domain not verified.","no domain on file"
"23","55","B","Comfort Systems USA","P4_PLATFORM","unknown","conviction","","","Find the corp-dev / BD owner","Lead search: Current company = ""Comfort Systems USA"" · Seniority = Director/VP/CXO · Title contains: Corporate Development OR M&A OR Acquisitions OR Business Development","yes","commercial_hvac|commercial_mep|commercial_electrical","comfortsystemsusa.com","https://ctacquisitions.com/guides/private-equity-hvac-2026/","ORG-108","need 8 (unknown) · lane 25 (dfw yes, trade match) · reach 5 (no named contact) · structure 5 (platform) · activity 12 (10mo since last evidenced deal)","[2026-08-18 client-register-v1 / P4-013] PUBLIC STRATEGIC, not sponsor-backed. Continuous roll-up. J&S Mechanical (UT); Feyen Zylstra + Meisner Electric (Oct 2025). Large in-house corp dev.",""
"24","55","B","Southern Home Services","P4_PLATFORM","unknown","conviction","","","Find the corp-dev / BD owner","Lead search: Current company = ""Southern Home Services"" · Seniority = Director/VP/CXO · Title contains: Corporate Development OR M&A OR Acquisitions OR Business Development","yes","residential_plumbing|residential_hvac","southernhomeservices.com","https://southernhomeservices.com/","ORG-118","need 8 (unknown) · lane 25 (dfw yes, trade match) · reach 5 (no named contact) · structure 5 (platform) · activity 12 (9mo since last evidenced deal)","[2026-08-18 client-register-v1 / P4-055] Nick's Plumbing & Air Conditioning (Houston) Oct 2025, 4th TX location. Sponsor undisclosed. HQ not verified.",""
"25","54","C","Astara Capital Partners","P3_INDEPENDENT_SPONSOR","unknown","conviction","Michael Ranson","Managing Partner","Connect with Michael Ranson, Managing Partner","Lead search: ""Michael Ranson"" · Current company = ""Astara Capital Partners""","unknown","residential_hvac|residential_plumbing|residential_electrical","astaracapital.com","https://www.prnewswire.com/news-releases/astara-capital-partners-completes-investment-in-del-air-heating-and-air-conditioning-301670657.html","ORG-102","need 8 (unknown) · lane 13 (dfw unknown, trade match) · reach 15 · structure 10 (independent_sponsor) · activity 8 (19mo since last evidenced deal)","[2026-08-18 client-register-v1 / P3-004] AMBIGUOUS: Del-Air made from committed Fund I - arguably P1_PE not fundless. Flagged.",""
"26","54","C","Broadtree Partners","P5_SEARCH_FUND_INVESTOR","unknown","conviction","Brad Batten","Managing Partner","Connect with Brad Batten, Managing Partner","Lead search: ""Brad Batten"" · Current company = ""Broadtree Partners""","unknown","facilities_services","broadtreepartners.com","https://broadtreepartners.com/about/","ORG-126","need 8 (unknown) · lane 13 (dfw unknown, trade match) · reach 15 · structure 10 (independent_sponsor) · activity 8 (19mo since last evidenced deal)","[2026-08-18 client-register-v1 / P5-002] Operator-centric LMM $1-10M EBITDA; business/government/healthcare/tech services. Second office Charleston SC.",""
"27","54","C","Confluence Point Holdings","P3_INDEPENDENT_SPONSOR","unknown","conviction","Doug Behrman","Co-founder","Connect with Doug Behrman, Co-founder","Lead search: ""Doug Behrman"" · Current company = ""Confluence Point Holdings""","unknown","roofing","confluencepoint.com","https://www.prnewswire.com/news-releases/confluence-point-acquires-perrys-roofing-launches-eastern-exterior-partners-302470946.html","ORG-103","need 8 (unknown) · lane 13 (dfw unknown, trade match) · reach 15 · structure 10 (independent_sponsor) · activity 8 (14mo since last evidenced deal)","[2026-08-18 client-register-v1 / P3-012] Perry's Roofing acquisition launched Eastern Exterior Partners Jun 2025. Targets $1-7M EBITDA.",""
"28","54","C","IMB Partners","P1_PE","unknown","conviction","Tarrus Richardson","Founder & CEO","Connect with Tarrus Richardson, Founder & CEO","Lead search: ""Tarrus Richardson"" · Current company = ""IMB Partners""","unknown","utility_services|commercial_electrical","imbpartners.com","https://www.businesswire.com/news/home/20220315005268/en/","ORG-090","need 8 (unknown) · lane 13 (dfw unknown, trade match) · reach 15 · structure 3 (pe_fund) · activity 15 (1mo since last evidenced deal)","[2026-08-18 client-register-v1 / P1-031] Utility/govt services. Carr & Duff (2022); Strategic Land Services (2026); Farwest Corrosion.",""
"29","54","C","IX Capital Partners","P3_INDEPENDENT_SPONSOR","unknown","conviction","Julian Buegers","Partner","Connect with Julian Buegers, Partner","Lead search: ""Julian Buegers"" · Current company = ""IX Capital Partners""","unknown","commercial_electrical|utility_services","ix-partners.com","https://www.businesswire.com/news/home/20250515946305/en/","ORG-105","need 8 (unknown) · lane 13 (dfw unknown, trade match) · reach 15 · structure 10 (independent_sponsor) · activity 8 (15mo since last evidenced deal)","[2026-08-18 client-register-v1 / P3-022] PitchBook-labeled fundless sponsor. Teague Electric (KC) May 2025 with Align Collaborate equity.",""
"30","54","C","Watchtower Capital Partners","P3_INDEPENDENT_SPONSOR","unknown","conviction","Mike Minchella","Managing Partner","Connect with Mike Minchella, Managing Partner","Lead search: ""Mike Minchella"" · Current company = ""Watchtower Capital Partners""","unknown","residential_hvac|residential_plumbing","watchtowercp.com","https://www.prnewswire.com/news-releases/watchtower-capital-partners-completes-first-platform-investment-in-ally-services-301861252.html","ORG-106","need 8 (unknown) · lane 13 (dfw unknown, trade match) · reach 15 · structure 10 (independent_sponsor) · activity 8 (19mo since last evidenced deal)","[2026-08-18 client-register-v1 / P3-040] Backs Ally Services (Mid-Atlantic). 2025 add-ons: J Hood, Tri-County Aire, Above & Beyond. Founding platform Jun 2023 with Aldine Capital.",""
"31","53","C","Averon Group","P4_PLATFORM","unknown","conviction","","","Find the corp-dev / BD owner","Lead search: Current company = ""Averon Group"" · Seniority = Director/VP/CXO · Title contains: Corporate Development OR M&A OR Acquisitions OR Business Development","yes","energy_services|commercial_hvac","","https://www.businesswire.com/news/home/20260204186977/en/","ORG-107","need 8 (unknown) · lane 25 (dfw yes, trade match) · reach 0 (no named contact) · structure 5 (platform) · activity 15 (6mo since last evidenced deal)","[2026-08-18 client-register-v1 / P4-008] National HVAC distribution. Blackhawk Supply (Jun 2025) + Fenco Supply (Feb 2026). Domain not verified.","no domain on file"
"32","53","C","ETA Equity","P5_SEARCH_FUND_INVESTOR","unknown","conviction","Mark Sinatra","Co-Founder","Connect with Mark Sinatra, Co-Founder","Lead search: ""Mark Sinatra"" · Current company = ""ETA Equity""","yes","other","etaequity.com","https://etaequity.com/","ORG-128","need 8 (unknown) · lane 15 (dfw yes, trade miss) · reach 15 · structure 10 (independent_sponsor) · activity 5 (no dated deal evidence)","[2026-08-18 client-register-v1 / P5-005] Industry-agnostic search-fund/dual-strategy investor. Dallas-based.",""
"33","53","C","Miramar Equity Partners","P5_SEARCH_FUND_INVESTOR","unknown","conviction","Kurt Leedy","Co-Founder","Connect with Kurt Leedy, Co-Founder","Lead search: ""Kurt Leedy"" · Current company = ""Miramar Equity Partners""","yes","other","miramarequity.com","https://miramarequity.com/","ORG-131","need 8 (unknown) · lane 15 (dfw yes, trade miss) · reach 15 · structure 10 (independent_sponsor) · activity 5 (no dated deal evidence)","[2026-08-18 client-register-v1 / P5-008] Family-office capital funding searchers (Miramar Search Partners); checks up to $25M for stretch deals.",""
"34","53","C","Next Coast ETA","P5_SEARCH_FUND_INVESTOR","unknown","conviction","Dustin Sellers","Partner / Co-Head","Connect with Dustin Sellers, Partner / Co-Head","Lead search: ""Dustin Sellers"" · Current company = ""Next Coast ETA""","yes","other","nceta.com","http://nceta.com/","ORG-133","need 8 (unknown) · lane 15 (dfw yes, trade miss) · reach 15 · structure 10 (independent_sponsor) · activity 5 (no dated deal evidence)","[2026-08-18 client-register-v1 / P5-010] Search division of Next Coast Ventures; lower/middle market.",""
"35","53","C","Peak Utility Services Group","P4_PLATFORM","unknown","conviction","Michael Lennon","CEO","Connect with Michael Lennon, CEO","Lead search: ""Michael Lennon"" · Current company = ""Peak Utility Services Group""","yes","utility_services|energy_services","","https://www.orix.com/deals/greenbelt-capital-partners-agrees-to-acquire-peak-utility-services-group-from-orix-capital-partners/","ORG-115","need 8 (unknown) · lane 15 (dfw yes, trade miss) · reach 10 · structure 5 (platform) · activity 15 (5mo since last evidenced deal)","[2026-08-18 client-register-v1 / P4-042] ~2,800 employees, 15 states. 5 Star Electric (DFW), Superior Pipeline (Fort Worth). Ownership transferring ORIX to Greenbelt. Domain not verified.","no domain on file"
"36","52","C","InnoVen Services","Operator-acquirer","thesis_no_flow","origination","Godson Udeh","Co-Founder & Chief Executive Officer","Connect with Godson Udeh, Co-Founder & Chief Executive Officer","Lead search: ""Godson Udeh"" · Current company = ""InnoVen Services""","unknown","","","https://www.businesswire.com/news/home/20241112148058/en/","ORG-009","need 35 (thesis_no_flow) · lane 3 (dfw unknown, trade miss) · reach 10 · structure 4 (unknown) · activity 5 (no dated deal evidence) · ×0.92 trade press, not their own disclosure","Highest-fit direct client on the board: DFW + exact vertical + funded + no internal corp dev.","no domain on file"
"37","52","C","User Friendly Home Services","Operator-acquirer","thesis_no_flow","origination","Bruce Howard","Founder & Chief Executive Officer","Connect with Bruce Howard, Founder & Chief Executive Officer","Lead search: ""Bruce Howard"" · Current company = ""User Friendly Home Services""","unknown","","","https://www.craftflow.com/dossier/what-companies-has-user-friendly-home-services-acquired","ORG-016","need 35 (thesis_no_flow) · lane 3 (dfw unknown, trade miss) · reach 10 · structure 4 (unknown) · activity 5 (no dated deal evidence) · ×0.92 trade press, not their own disclosure","Clearest single-sentence value proposition of any target on the board.","no domain on file"
"38","51","C","MFG Partners","P1_PE","unknown","conviction","Jeff Mizrahi","Partner","Connect with Jeff Mizrahi, Partner","Lead search: ""Jeff Mizrahi"" · Current company = ""MFG Partners""","unknown","commercial_electrical|utility_services","mfgpartners.com","https://www.businesswire.com/news/home/20251118389583/en/","ORG-092","need 8 (unknown) · lane 13 (dfw unknown, trade match) · reach 15 · structure 3 (pe_fund) · activity 12 (8mo since last evidenced deal)","[2026-08-18 client-register-v1 / P1-039] Regency Electric (Denver); CST Utilities (OH). Fund vs fundless status not disclosed.",""
"39","51","C","Nashton Partners (The Nashton Company)","P5_SEARCH_FUND_INVESTOR","unknown","conviction","Jason Pananos","Co-Founder","Connect with Jason Pananos, Co-Founder","Lead search: ""Jason Pananos"" · Current company = ""Nashton Partners (The Nashton Company)""","unknown","facilities_services","nashton.com","https://www.nashton.com/","ORG-132","need 8 (unknown) · lane 13 (dfw unknown, trade match) · reach 15 · structure 10 (independent_sponsor) · activity 5 (no dated deal evidence)","[2026-08-18 client-register-v1 / P5-009] Holding company; recurring-revenue services in niche markets (pest/vector control, lake management). HQ city not verified.",""
"40","50","C","Acharya Capital Partners","Independent sponsor","thesis_no_flow","origination","David Acharya","Managing Partner","Connect with David Acharya, Managing Partner","Lead search: ""David Acharya"" · Current company = ""Acharya Capital Partners""","unknown","","","","ORG-055","need 35 (thesis_no_flow) · lane 3 (dfw unknown, trade miss) · reach 10 · structure 10 (independent_sponsor) · activity 5 (no dated deal evidence) · ×0.80 directory only — verify before acting","","no domain on file"
"41","50","C","Centerfield Capital / Centerfield","Independent sponsor","thesis_no_flow","origination","Faraz Abbasi","Principal","Connect with Faraz Abbasi, Principal","Lead search: ""Faraz Abbasi"" · Current company = ""Centerfield Capital / Centerfield""","unknown","","","","ORG-065","need 35 (thesis_no_flow) · lane 3 (dfw unknown, trade miss) · reach 10 · structure 10 (independent_sponsor) · activity 5 (no dated deal evidence) · ×0.80 directory only — verify before acting","","no domain on file"
"42","49","C","Braes Bayou Company","Independent sponsor","thesis_no_flow","origination","","","Find the corp-dev / BD owner","Lead search: Current company = ""Braes Bayou Company"" · Seniority = Director/VP/CXO · Title contains: Corporate Development OR M&A OR Acquisitions OR Business Development","unknown","","","https://www.axial.net/","ORG-059","need 35 (thesis_no_flow) · lane 3 (dfw unknown, trade miss) · reach 0 (no named contact) · structure 10 (independent_sponsor) · activity 5 (no dated deal evidence) · ×0.92 trade press, not their own disclosure","","no domain on file"
"43","49","C","Exigent Group","P4_PLATFORM","unknown","conviction","Peter van Niekerk","CEO","Connect with Peter van Niekerk, CEO","Lead search: ""Peter van Niekerk"" · Current company = ""Exigent Group""","unknown","commercial_hvac|commercial_mep|building_automation|commercial_plumbing","exigentgroup.com","https://www.businesswire.com/news/home/20240723945976/en/","ORG-110","need 8 (unknown) · lane 13 (dfw unknown, trade match) · reach 15 · structure 5 (platform) · activity 8 (24mo since last evidenced deal)","[2026-08-18 client-register-v1 / P4-019] Mission-critical mechanical. 7+ acquisitions; Smith-Boughan + EASI Jul 2024.",""
"44","49","C","Helium Capital","Independent sponsor","thesis_no_flow","origination","","","Find the corp-dev / BD owner","Lead search: Current company = ""Helium Capital"" · Seniority = Director/VP/CXO · Title contains: Corporate Development OR M&A OR Acquisitions OR Business Development","unknown","","","https://www.axial.net/","ORG-032","need 35 (thesis_no_flow) · lane 3 (dfw unknown, trade miss) · reach 0 (no named contact) · structure 10 (independent_sponsor) · activity 5 (no dated deal evidence) · ×0.92 trade press, not their own disclosure","Strong fit; worth the naming effort.","no domain on file"
"45","49","C","ORIX Capital Partners","P1_PE","unknown","conviction","Matt Scullion","Managing Director","Connect with Matt Scullion, Managing Director","Lead search: ""Matt Scullion"" · Current company = ""ORIX Capital Partners""","yes","utility_services|energy_services","orix.com","https://www.orix.com/deals/greenbelt-capital-partners-agrees-to-acquire-peak-utility-services-group-from-orix-capital-partners/","ORG-093","need 8 (unknown) · lane 15 (dfw yes, trade miss) · reach 15 · structure 3 (pe_fund) · activity 8 (16mo since last evidenced deal)","[2026-08-18 client-register-v1 / P1-044] Peak Utility incl. 5 Star Electric (DFW, ~$108.7M per SEC 8-K) and Superior Pipeline (Fort Worth). Selling Peak to Greenbelt.",""
"46","49","C","Voyager Interests","P1_PE","unknown","conviction","Robert Trainer","Partner","Connect with Robert Trainer, Partner","Lead search: ""Robert Trainer"" · Current company = ""Voyager Interests""","yes","energy_services","voyagerinterests.com","https://voyagerinterests.com/","ORG-097","need 8 (unknown) · lane 15 (dfw yes, trade miss) · reach 15 · structure 3 (pe_fund) · activity 8 (17mo since last evidenced deal)","[2026-08-18 client-register-v1 / P1-060] Tejas Completion Services (Midland, TX), specialty pumping. Majority investment Mar 2025.",""
"47","47","C","Huron Capital","P1_PE","unknown","conviction","Cale Kaczmarek","Principal","Connect with Cale Kaczmarek, Principal","Lead search: ""Cale Kaczmarek"" · Current company = ""Huron Capital""","unknown","commercial_hvac|commercial_mep|building_automation|commercial_electrical|roofing","huroncapital.com","https://www.huroncapital.com/news/huron-capital-launches-rampart-exterior-servicestm-to-provide-commercial-roofing-and-exterior-services/","ORG-089","need 8 (unknown) · lane 13 (dfw unknown, trade match) · reach 15 · structure 3 (pe_fund) · activity 8 (24mo since last evidenced deal)","[2026-08-18 client-register-v1 / P1-030] ExecFactor buy-and-build. Exigent, Rampart Exterior, RK Electric/Criticore.",""
"48","46","C","Optimum Energy Co.","P4_PLATFORM","unknown","conviction","","","Find the corp-dev / BD owner","Lead search: Current company = ""Optimum Energy Co."" · Seniority = Director/VP/CXO · Title contains: Corporate Development OR M&A OR Acquisitions OR Business Development","unknown","energy_services|commercial_mep","optimumenergyco.com","https://www.businesswire.com/news/home/20260812343122/en/","ORG-113","need 8 (unknown) · lane 13 (dfw unknown, trade match) · reach 5 (no named contact) · structure 5 (platform) · activity 15 (0mo since last evidenced deal)","[2026-08-18 client-register-v1 / P4-037] Energy-as-a-Service; central plant optimization. Hussung Mechanical Contractors Aug 2026. HQ not verified.",""
"49","46","C","Rampart Exterior Services","P4_PLATFORM","unknown","conviction","","","Find the corp-dev / BD owner","Lead search: Current company = ""Rampart Exterior Services"" · Seniority = Director/VP/CXO · Title contains: Corporate Development OR M&A OR Acquisitions OR Business Development","yes","roofing|facilities_services","","https://www.huroncapital.com/news/huron-capital-launches-rampart-exterior-servicestm-to-provide-commercial-roofing-and-exterior-services/","ORG-116","need 8 (unknown) · lane 25 (dfw yes, trade match) · reach 0 (no named contact) · structure 5 (platform) · activity 8 (19mo since last evidenced deal)","[2026-08-18 client-register-v1 / P4-046] Commercial roofing/exterior. Port Enterprises (TX) partnership. HQ and domain not verified.","no domain on file"
"50","43","C","Panther Service Group","P4_PLATFORM","unknown","conviction","","","Find the corp-dev / BD owner","Lead search: Current company = ""Panther Service Group"" · Seniority = Director/VP/CXO · Title contains: Corporate Development OR M&A OR Acquisitions OR Business Development","unknown","residential_hvac|residential_plumbing|residential_electrical","pantherservicegroup.com","https://www.prnewswire.com/news-releases/pearl-street-capital-partners-launches-panther-service-group-a-new-plumbing-hvac-and-electrical-services-platform-focused-in-florida-302731949.html","ORG-114","need 8 (unknown) · lane 13 (dfw unknown, trade match) · reach 5 (no named contact) · structure 5 (platform) · activity 12 (7mo since last evidenced deal)","[2026-08-18 client-register-v1 / P4-039] NEW FL platform founded 2026. No add-ons yet - high origination need. HQ not verified.",""
"51","43","C","United Utility Services","P4_PLATFORM","unknown","conviction","Colt Moedl","CEO","Connect with Colt Moedl, CEO","Lead search: ""Colt Moedl"" · Current company = ""United Utility Services""","unknown","utility_services|energy_services","unitedutility.com","https://www.sandbrook.com/news/sandbrook-announces-acquisition-of-united-utility-services","ORG-124","need 8 (unknown) · lane 3 (dfw unknown, trade miss) · reach 15 · structure 5 (platform) · activity 12 (8mo since last evidenced deal)","[2026-08-18 client-register-v1 / P4-065] Electric grid infra services (T&D/substation). Formed 2018 by Bernhard; sold to Sandbrook Dec 2025. HQ not verified.",""
"52","41","C","Anacapa Partners","P5_SEARCH_FUND_INVESTOR","unknown","conviction","Jeff Stevens","Founder / Managing Partner","Connect with Jeff Stevens, Founder / Managing Partner","Lead search: ""Jeff Stevens"" · Current company = ""Anacapa Partners""","unknown","other","anacapapartners.com","https://anacapapartners.com/","ORG-125","need 8 (unknown) · lane 3 (dfw unknown, trade miss) · reach 15 · structure 10 (independent_sponsor) · activity 5 (no dated deal evidence)","[2026-08-18 client-register-v1 / P5-001] 175+ search partnerships, 60+ operating-company investments. Predictable/recurring revenue. Also acts as IS on select deals.",""
"53","41","C","Endurance Search Partners","P5_SEARCH_FUND_INVESTOR","unknown","conviction","Rich Augustyn","Founder / Managing Partner","Connect with Rich Augustyn, Founder / Managing Partner","Lead search: ""Rich Augustyn"" · Current company = ""Endurance Search Partners""","unknown","other","endurancesearchpartners.com","https://www.endurancesearchpartners.com/","ORG-127","need 8 (unknown) · lane 3 (dfw unknown, trade miss) · reach 15 · structure 10 (independent_sponsor) · activity 5 (no dated deal evidence)","[2026-08-18 client-register-v1 / P5-004] Modern family office; 350+ partnerships, 226 investments. States preference for profitable service companies with recurring revenue.",""
"54","41","C","Footbridge Partners","P5_SEARCH_FUND_INVESTOR","unknown","conviction","Greg Geronemus","Co-Founder / Managing Partner","Connect with Greg Geronemus, Co-Founder / Managing Partner","Lead search: ""Greg Geronemus"" · Current company = ""Footbridge Partners""","unknown","other","footbridgepartners.com","https://www.footbridgepartners.com/","ORG-129","need 8 (unknown) · lane 3 (dfw unknown, trade miss) · reach 15 · structure 10 (independent_sponsor) · activity 5 (no dated deal evidence)","[2026-08-18 client-register-v1 / P5-006] Founded 2012; stable recurring-revenue businesses in overlooked niches. Second office SF Bay Area.",""
"55","41","C","Futaleufu Partners","P5_SEARCH_FUND_INVESTOR","unknown","conviction","David Dodson","Founder","Connect with David Dodson, Founder","Lead search: ""David Dodson"" · Current company = ""Futaleufu Partners""","unknown","other","futaleufu-partners.com","https://futaleufu-partners.com/","ORG-130","need 8 (unknown) · lane 3 (dfw unknown, trade miss) · reach 15 · structure 10 (independent_sponsor) · activity 5 (no dated deal evidence)","[2026-08-18 client-register-v1 / P5-007] Long-hold ETA; industry-agnostic, pattern-recognition over industry thesis.",""
"56","41","C","Pacific Lake Partners","P5_SEARCH_FUND_INVESTOR","unknown","conviction","Coley Andrews","Co-Founder / Partner","Connect with Coley Andrews, Co-Founder / Partner","Lead search: ""Coley Andrews"" · Current company = ""Pacific Lake Partners""","unknown","other","pacificlake.com","https://www.pacificlake.com/","ORG-134","need 8 (unknown) · lane 3 (dfw unknown, trade miss) · reach 15 · structure 10 (independent_sponsor) · activity 5 (no dated deal evidence)","[2026-08-18 client-register-v1 / P5-011] Leading search-fund investor since Jul 2009, 202+ investments. Industry-agnostic, backs service companies ~$10-30M revenue. Both AUM figures carried.",""
"57","41","C","Permanent Equity","P5_SEARCH_FUND_INVESTOR","unknown","conviction","Brent Beshore","Founder / CEO","Connect with Brent Beshore, Founder / CEO","Lead search: ""Brent Beshore"" · Current company = ""Permanent Equity""","unknown","industrial_services","permanentequity.com","https://www.permanentequity.com/","ORG-135","need 8 (unknown) · lane 3 (dfw unknown, trade miss) · reach 15 · structure 10 (independent_sponsor) · activity 5 (no dated deal evidence)","[2026-08-18 client-register-v1 / P5-012] ~30-year funds. Portfolio incl. niche construction, manufacturing and distribution.",""
"58","41","C","Relay Investments","P5_SEARCH_FUND_INVESTOR","unknown","conviction","Sandro Mina","Co-Founder","Connect with Sandro Mina, Co-Founder","Lead search: ""Sandro Mina"" · Current company = ""Relay Investments""","unknown","other","relayinvestments.com","https://www.relayinvestments.com/","ORG-136","need 8 (unknown) · lane 3 (dfw unknown, trade miss) · reach 15 · structure 10 (independent_sponsor) · activity 5 (no dated deal evidence)","[2026-08-18 client-register-v1 / P5-013] 250+ search funds, 160+ acquisitions. Industry-agnostic; 15-25% stake, $1-3.5M equity checks.",""
"59","41","C","Sandbrook Capital","P1_PE","unknown","conviction","Colt Moedl","United Utility CEO","Connect with Colt Moedl, United Utility CEO","Lead search: ""Colt Moedl"" · Current company = ""Sandbrook Capital""","unknown","utility_services|energy_services","sandbrook.com","https://www.sandbrook.com/news/sandbrook-announces-acquisition-of-united-utility-services","ORG-095","need 8 (unknown) · lane 3 (dfw unknown, trade miss) · reach 15 · structure 3 (pe_fund) · activity 12 (8mo since last evidenced deal)","[2026-08-18 client-register-v1 / P1-050] Acquired United Utility (grid infra) from Bernhard, with Blackstone Credit.",""
"60","41","C","Search Fund Partners","P5_SEARCH_FUND_INVESTOR","unknown","conviction","Rich Kelley","Co-Founder","Connect with Rich Kelley, Co-Founder","Lead search: ""Rich Kelley"" · Current company = ""Search Fund Partners""","unknown","other","searchfunds.net","https://www.searchfunds.net/","ORG-137","need 8 (unknown) · lane 3 (dfw unknown, trade miss) · reach 15 · structure 10 (independent_sponsor) · activity 5 (no dated deal evidence)","[2026-08-18 client-register-v1 / P5-014] First PE fund dedicated to search funds (2004); 202 investments through 2025. Bay Area; exact city not verified.",""
"61","41","C","The Brydon Group","P2_FAMILY_OFFICE","unknown","conviction","","","Find the corp-dev / BD owner","Lead search: Current company = ""The Brydon Group"" · Seniority = Director/VP/CXO · Title contains: Corporate Development OR M&A OR Acquisitions OR Business Development","unknown","facilities_services","brydon.com","https://www.brydon.com/portfolio","ORG-101","need 8 (unknown) · lane 13 (dfw unknown, trade match) · reach 5 (no named contact) · structure 10 (family_office) · activity 5 (no dated deal evidence)","[2026-08-18 client-register-v1 / P2-038] Veteran-founded operator-led permanent capital. 46 acquisitions as of 2026-03-10. $1-5M EBITDA recurring revenue.",""
"62","41","C","Trilogy Search Partners","P5_SEARCH_FUND_INVESTOR","unknown","conviction","Mitch Cohen","Chairman","Connect with Mitch Cohen, Chairman","Lead search: ""Mitch Cohen"" · Current company = ""Trilogy Search Partners""","unknown","other","trilogy-search.com","https://trilogy-search.com/team","ORG-138","need 8 (unknown) · lane 3 (dfw unknown, trade miss) · reach 15 · structure 10 (independent_sponsor) · activity 5 (no dated deal evidence)","[2026-08-18 client-register-v1 / P5-015] Founded 2014; 66 portfolio companies, 18 acquisitions. Second office SF.",""
"63","41","C","WSC & Company","P5_SEARCH_FUND_INVESTOR","unknown","conviction","Badge Stone","Co-Founder / Partner","Connect with Badge Stone, Co-Founder / Partner","Lead search: ""Badge Stone"" · Current company = ""WSC & Company""","unknown","landscaping","wscandcompany.com","https://wscandcompany.com/","ORG-139","need 8 (unknown) · lane 3 (dfw unknown, trade miss) · reach 15 · structure 10 (independent_sponsor) · activity 5 (no dated deal evidence)","[2026-08-18 client-register-v1 / P5-016] Business products and services $2-6M EBITDA. Backed Yard Alliance/YardWorks residential landscaping platform.",""
"64","40","C","Rosewood Private Investments","Single family office (Caroline Hunt Trust Estate)","has_both","conviction","Derry Burns","Director / Managing Director","Connect with Derry Burns, Director / Managing Director","Lead search: ""Derry Burns"" · Current company = ""Rosewood Private Investments""","unknown","","rosewoodpi.com","https://rosewoodpi.com/","ORG-012","need 10 (has_both) · lane 3 (dfw unknown, trade miss) · reach 15 · structure 10 (family_office) · activity 5 (no dated deal evidence) · ×0.92 trade press, not their own disclosure","Best combination on the entire board: DFW + beachhead vertical + proven platform + lean team.",""
"65","40","C","Strait Lane Capital Partners","Single family office","has_both","conviction","Matthew Swift","Managing Director (per aggregator — VERIFY)","Connect with Matthew Swift, Managing Director (per aggregator — VERIFY)","Lead search: ""Matthew Swift"" · Current company = ""Strait Lane Capital Partners""","unknown","","straitlanecapital.com","https://straitlanecapital.com/","ORG-050","need 10 (has_both) · lane 3 (dfw unknown, trade miss) · reach 15 · structure 10 (family_office) · activity 5 (no dated deal evidence) · ×0.92 trade press, not their own disclosure","",""
"66","40","C","Surge Private Equity","Family office / LMM buyout","has_both","conviction","Tom Beauchamp, CPA","Founding Partner","Connect with Tom Beauchamp, CPA, Founding Partner","Lead search: ""Tom Beauchamp, CPA"" · Current company = ""Surge Private Equity""","unknown","","surgepe.com","https://surgepe.com/","ORG-014","need 10 (has_both) · lane 3 (dfw unknown, trade miss) · reach 15 · structure 10 (family_office) · activity 5 (no dated deal evidence) · ×0.92 trade press, not their own disclosure","Dallas + active + lean team + clean thesis fit.",""
"67","39","C","Fire Safety and Protection (FSP)","P4_PLATFORM","unknown","conviction","Curt Bagnall","CEO","Connect with Curt Bagnall, CEO","Lead search: ""Curt Bagnall"" · Current company = ""Fire Safety and Protection (FSP)""","unknown","fire_life_safety","firesp.com","https://firesp.com/news/fire-safety-protection-acquires-livingston-fire-protection-inc/","ORG-111","need 8 (unknown) · lane 3 (dfw unknown, trade miss) · reach 15 · structure 5 (platform) · activity 8 (19mo since last evidenced deal)","[2026-08-18 client-register-v1 / P4-020] US/Canada. 8+ acquisitions. Family-office-backed platform - unusual and worth a call.",""
"68","39","C","Teague Electric","P4_PLATFORM","unknown","conviction","","","Find the corp-dev / BD owner","Lead search: Current company = ""Teague Electric"" · Seniority = Director/VP/CXO · Title contains: Corporate Development OR M&A OR Acquisitions OR Business Development","unknown","commercial_electrical|utility_services","teague.com","https://www.businesswire.com/news/home/20250515946305/en/","ORG-119","need 8 (unknown) · lane 13 (dfw unknown, trade match) · reach 5 (no named contact) · structure 5 (platform) · activity 8 (15mo since last evidenced deal)","[2026-08-18 client-register-v1 / P4-057] KC electrical contractor founded 1978, roll-up platform. Align Collaborate equity.",""
"69","38","C","CAMCO Investment Group","Family office / acquirer","unknown","conviction","Kyle Campbell","Founder & President","Connect with Kyle Campbell, Founder & President","Lead search: ""Kyle Campbell"" · Current company = ""CAMCO Investment Group""","unknown","","camcoig.com","https://camcoig.com/","ORG-020","need 8 (unknown) · lane 3 (dfw unknown, trade miss) · reach 15 · structure 10 (family_office) · activity 5 (no dated deal evidence) · ×0.92 trade press, not their own disclosure","",""
"70","38","C","Foundral","P4_PLATFORM","unknown","conviction","","","Find the corp-dev / BD owner","Lead search: Current company = ""Foundral"" · Seniority = Director/VP/CXO · Title contains: Corporate Development OR M&A OR Acquisitions OR Business Development","unknown","commercial_hvac|commercial_mep|commercial_plumbing","","https://mcnallycapital.com/our-companies","ORG-112","need 8 (unknown) · lane 13 (dfw unknown, trade match) · reach 0 (no named contact) · structure 5 (platform) · activity 12 (8mo since last evidenced deal)","[2026-08-18 client-register-v1 / P4-023] Union-backed mechanical contracting platform built on Smith & Oby. A. Hattersley & Sons add-on. Family-office-backed. Domain not verified.","no domain on file"
"71","38","C","Hersh Family Investments","Single family office","unknown","conviction","Kenneth A. Hersh","Chairman","Connect with Kenneth A. Hersh, Chairman","Lead search: ""Kenneth A. Hersh"" · Current company = ""Hersh Family Investments""","unknown","","hershfi.com","https://hershfi.com/","ORG-033","need 8 (unknown) · lane 3 (dfw unknown, trade miss) · reach 15 · structure 10 (family_office) · activity 5 (no dated deal evidence) · ×0.92 trade press, not their own disclosure","Profile height means a cold approach burns the shot.",""
"72","38","C","Labora","Single family office","unknown","conviction","Tom Mackie","Founder","Connect with Tom Mackie, Founder","Lead search: ""Tom Mackie"" · Current company = ""Labora""","unknown","","labora.com","https://labora.com/","ORG-036","need 8 (unknown) · lane 3 (dfw unknown, trade miss) · reach 15 · structure 10 (family_office) · activity 5 (no dated deal evidence) · ×0.92 trade press, not their own disclosure","",""
"73","38","C","Oak Legacy Management","Single family office","unknown","conviction","Tom Fenton","Principal & Founder","Connect with Tom Fenton, Principal & Founder","Lead search: ""Tom Fenton"" · Current company = ""Oak Legacy Management""","unknown","","oaklegacy-us.com","https://oaklegacy-us.com/","ORG-040","need 8 (unknown) · lane 3 (dfw unknown, trade miss) · reach 15 · structure 10 (family_office) · activity 5 (no dated deal evidence) · ×0.92 trade press, not their own disclosure","High deal cadence is the qualifying signal.",""
"74","38","C","Pangea's Edge","Single family office","unknown","conviction","Ken Bowdon","Founder / Chief Executive Officer","Connect with Ken Bowdon, Founder / Chief Executive Officer","Lead search: ""Ken Bowdon"" · Current company = ""Pangea's Edge""","unknown","","pangeasedge.com","https://pangeasedge.com/","ORG-042","need 8 (unknown) · lane 3 (dfw unknown, trade miss) · reach 15 · structure 10 (family_office) · activity 5 (no dated deal evidence) · ×0.92 trade press, not their own disclosure","",""
"75","38","C","Regency Electric","P4_PLATFORM","unknown","conviction","","","Find the corp-dev / BD owner","Lead search: Current company = ""Regency Electric"" · Seniority = Director/VP/CXO · Title contains: Corporate Development OR M&A OR Acquisitions OR Business Development","unknown","commercial_electrical","","https://www.businesswire.com/news/home/20251118389583/en/","ORG-117","need 8 (unknown) · lane 13 (dfw unknown, trade match) · reach 0 (no named contact) · structure 5 (platform) · activity 12 (8mo since last evidenced deal)","[2026-08-18 client-register-v1 / P4-049] Denver commercial electrical founded 1986. Seifried family retained equity. Domain not verified.","no domain on file"
"76","37","C","Alpine Investors","P1_PE","unknown","conviction","","","Find the corp-dev / BD owner","Lead search: Current company = ""Alpine Investors"" · Seniority = Director/VP/CXO · Title contains: Corporate Development OR M&A OR Acquisitions OR Business Development","unknown","residential_hvac|residential_plumbing|residential_electrical|roofing|commercial_hvac","alpine-investors.com","https://ctacquisitions.com/guides/private-equity-hvac-2026/","ORG-084","need 8 (unknown) · lane 13 (dfw unknown, trade match) · reach 5 (no named contact) · structure 3 (pe_fund) · activity 8 (19mo since last evidenced deal)","[2026-08-18 client-register-v1 / P1-004] Most active HVAC sponsor. Backs Apex, Vertex, Astra/Orion. Offices SF/NY/Austin.",""
"77","37","C","Goldman Sachs Alternatives","P1_PE","unknown","conviction","","","Find the corp-dev / BD owner","Lead search: Current company = ""Goldman Sachs Alternatives"" · Seniority = Director/VP/CXO · Title contains: Corporate Development OR M&A OR Acquisitions OR Business Development","unknown","residential_hvac|residential_plumbing|residential_electrical","goldmansachs.com","https://ctacquisitions.com/guides/private-equity-hvac-2026/","ORG-086","need 8 (unknown) · lane 13 (dfw unknown, trade match) · reach 5 (no named contact) · structure 3 (pe_fund) · activity 8 (21mo since last evidenced deal)","[2026-08-18 client-register-v1 / P1-022] Nov 2024 majority recap of Sila from Morgan Stanley Capital Partners; reported ~$1.7B / ~17x.",""
"78","36","C","TechServ","P4_PLATFORM","unknown","conviction","","","Find the corp-dev / BD owner","Lead search: Current company = ""TechServ"" · Seniority = Director/VP/CXO · Title contains: Corporate Development OR M&A OR Acquisitions OR Business Development","yes","energy_services|utility_services","","https://www.bernhardcapital.com/","ORG-120","need 8 (unknown) · lane 15 (dfw yes, trade miss) · reach 0 (no named contact) · structure 5 (platform) · activity 8 (14mo since last evidenced deal)","[2026-08-18 client-register-v1 / P4-058] Utility engineering platform, 850+ employees, 21 states. Platform acquired Jun 2025, NO disclosed add-ons since - visible pipeline gap. Domain not verified.","no domain on file"
"79","34","D","Eastern Exterior Partners","P4_PLATFORM","unknown","conviction","","","Find the corp-dev / BD owner","Lead search: Current company = ""Eastern Exterior Partners"" · Seniority = Director/VP/CXO · Title contains: Corporate Development OR M&A OR Acquisitions OR Business Development","unknown","roofing","","https://www.prnewswire.com/news-releases/confluence-point-acquires-perrys-roofing-launches-eastern-exterior-partners-302470946.html","ORG-109","need 8 (unknown) · lane 13 (dfw unknown, trade match) · reach 0 (no named contact) · structure 5 (platform) · activity 8 (14mo since last evidenced deal)","[2026-08-18 client-register-v1 / P4-016] Residential roofing platform launched on Perry's Roofing Jun 2025. Domain not verified.","no domain on file"
"80","34","D","Genesis Park / GP Capital Partners","SBIC — debt and equity","has_both","conviction","Curtis Hartman","Managing Partner / Principal","Connect with Curtis Hartman, Managing Partner / Principal","Lead search: ""Curtis Hartman"" · Current company = ""Genesis Park / GP Capital Partners""","unknown","","genesis-park.com","https://www.sba.gov/","ORG-008","need 10 (has_both) · lane 3 (dfw unknown, trade miss) · reach 15 · structure 4 (unknown) · activity 5 (no dated deal evidence) · ×0.92 trade press, not their own disclosure","Only Tier A target with a published direct email and phone. Does BOTH debt and equity — dual-purpose relationship.",""
"81","34","D","L Squared Capital Partners","P1_PE","unknown","conviction","","","Find the corp-dev / BD owner","Lead search: Current company = ""L Squared Capital Partners"" · Seniority = Director/VP/CXO · Title contains: Corporate Development OR M&A OR Acquisitions OR Business Development","unknown","building_automation","lsquaredcap.com","https://www.businesswire.com/news/home/20260224862543/en/","ORG-091","need 8 (unknown) · lane 3 (dfw unknown, trade miss) · reach 5 (no named contact) · structure 3 (pe_fund) · activity 15 (5mo since last evidenced deal)","[2026-08-18 client-register-v1 / P1-036] Functional Devices (building automation controls). Actively pursuing add-ons.",""
"82","33","D","A.G. Hill Partners","Single family office (H.L. Hunt descendants)","unknown","conviction","Joseph O'Brien","President & Chief Executive Officer","Connect with Joseph O'Brien, President & Chief Executive Officer","Lead search: ""Joseph O'Brien"" · Current company = ""A.G. Hill Partners""","unknown","","","https://praxisrock.com/resources/investors/family-offices-dallas","ORG-018","need 8 (unknown) · lane 3 (dfw unknown, trade miss) · reach 10 · structure 10 (family_office) · activity 5 (no dated deal evidence) · ×0.92 trade press, not their own disclosure","","no domain on file"
"83","31","D","Highview Capital","P1_PE","unknown","conviction","","","Find the corp-dev / BD owner","Lead search: Current company = ""Highview Capital"" · Seniority = Director/VP/CXO · Title contains: Corporate Development OR M&A OR Acquisitions OR Business Development","unknown","fire_life_safety","highviewcapital.com","https://highviewcapital.com/portfolio/national-fire-safety/","ORG-088","need 8 (unknown) · lane 3 (dfw unknown, trade miss) · reach 5 (no named contact) · structure 3 (pe_fund) · activity 12 (12mo since last evidenced deal)","[2026-08-18 client-register-v1 / P1-029] National Fire & Safety (7 Western states).",""
"84","31","D","Hoban Family Office","P2_FAMILY_OFFICE","unknown","conviction","","","Find the corp-dev / BD owner","Lead search: Current company = ""Hoban Family Office"" · Seniority = Director/VP/CXO · Title contains: Corporate Development OR M&A OR Acquisitions OR Business Development","unknown","other","hobanfamilyoffice.com","https://hobanfamilyoffice.com/direct-investments/","ORG-098","need 8 (unknown) · lane 3 (dfw unknown, trade miss) · reach 5 (no named contact) · structure 10 (family_office) · activity 5 (no dated deal evidence)","[2026-08-18 client-register-v1 / P2-014] SFO with direct-investment mandate: RE, operating businesses, PE/angel.",""
"85","31","D","National Fire & Safety (Highview Capital)","P4_PLATFORM","unknown","conviction","Chris Gannon","Chief Executive Officer","Connect with Chris Gannon, Chief Executive Officer","Lead search: ""Chris Gannon"" · Current company = ""National Fire & Safety (Highview Capital)""","unknown","fire_life_safety","","https://highviewcapital.com/portfolio/national-fire-safety/","ORG-039","need 8 (unknown) · lane 3 (dfw unknown, trade miss) · reach 10 · structure 5 (platform) · activity 5 (no dated deal evidence)","Beachhead vertical + proven DFW appetite. | prior source_url (2026-08-18): https://highviewcap.com/ | [2026-08-18 client-register-v1 / P4-035] 7 Western states. Frontier Fire Protection (Aug 2025), Elite FPS, RCI Systems. HQ and domain not verified.","no domain on file"
"86","29","D","Gupta Capital Group","Single family office","unknown","conviction","","","Find the corp-dev / BD owner","Lead search: Current company = ""Gupta Capital Group"" · Seniority = Director/VP/CXO · Title contains: Corporate Development OR M&A OR Acquisitions OR Business Development","unknown","","guptacapitalgroup.com","https://guptacapitalgroup.com/","ORG-070","need 8 (unknown) · lane 3 (dfw unknown, trade miss) · reach 5 (no named contact) · structure 10 (family_office) · activity 5 (no dated deal evidence) · ×0.92 trade press, not their own disclosure","",""
"87","28","D","Columbia Home Services","Operator-acquirer, PE-backed","unknown","conviction","Paul Adams","Founder & Executive Chairman (fmr CEO)","Connect with Paul Adams, Founder & Executive Chairman (fmr CEO)","Lead search: ""Paul Adams"" · Current company = ""Columbia Home Services""","unknown","","","https://www.smartbusinessdealmakers.com/dallas/event/speakers/paul-adams/","ORG-007","need 8 (unknown) · lane 3 (dfw unknown, trade miss) · reach 10 · structure 4 (unknown) · activity 5 (no dated deal evidence) · ×0.92 trade press, not their own disclosure","PE-backed, so qualify whether Tenex supplies origination before pitching depth of engagement.","no domain on file"
"88","25","D","Palo Duro Capital","LMM PE","has_both","conviction","","","Find the corp-dev / BD owner","Lead search: Current company = ""Palo Duro Capital"" · Seniority = Director/VP/CXO · Title contains: Corporate Development OR M&A OR Acquisitions OR Business Development","unknown","","palodurocapital.com","https://palodurocapital.com/","ORG-041","need 10 (has_both) · lane 3 (dfw unknown, trade miss) · reach 5 (no named contact) · structure 4 (unknown) · activity 5 (no dated deal evidence) · ×0.92 trade press, not their own disclosure","",""
"89","24","D","AEC Equities, Inc.","Independent sponsor","unknown","conviction","","","Find the corp-dev / BD owner","Lead search: Current company = ""AEC Equities, Inc."" · Seniority = Director/VP/CXO · Title contains: Corporate Development OR M&A OR Acquisitions OR Business Development","unknown","","","https://www.axial.net/","ORG-054","need 8 (unknown) · lane 3 (dfw unknown, trade miss) · reach 0 (no named contact) · structure 10 (independent_sponsor) · activity 5 (no dated deal evidence) · ×0.92 trade press, not their own disclosure","","no domain on file"
"90","24","D","Lynch Holdings","Single family office","unknown","conviction","","","Find the corp-dev / BD owner","Lead search: Current company = ""Lynch Holdings"" · Seniority = Director/VP/CXO · Title contains: Corporate Development OR M&A OR Acquisitions OR Business Development","unknown","","","https://praxisrock.com/resources/investors/family-offices-dallas","ORG-038","need 8 (unknown) · lane 3 (dfw unknown, trade miss) · reach 0 (no named contact) · structure 10 (family_office) · activity 5 (no dated deal evidence) · ×0.92 trade press, not their own disclosure","Beachhead vertical match. Highest-value name-resolution task in the research queue.","no domain on file"
"91","20","D","Sky Island Capital","LMM PE","has_both","conviction","","","Find the corp-dev / BD owner","Lead search: Current company = ""Sky Island Capital"" · Seniority = Director/VP/CXO · Title contains: Corporate Development OR M&A OR Acquisitions OR Business Development","unknown","","","https://www.axial.net/","ORG-049","need 10 (has_both) · lane 3 (dfw unknown, trade miss) · reach 0 (no named contact) · structure 4 (unknown) · activity 5 (no dated deal evidence) · ×0.92 trade press, not their own disclosure","Manufacturing focus is off-beachhead.","no domain on file"
"92","18","D","Dauntless Capital Partners","LMM PE","unknown","conviction","","","Find the corp-dev / BD owner","Lead search: Current company = ""Dauntless Capital Partners"" · Seniority = Director/VP/CXO · Title contains: Corporate Development OR M&A OR Acquisitions OR Business Development","unknown","","","https://www.axial.net/","ORG-024","need 8 (unknown) · lane 3 (dfw unknown, trade miss) · reach 0 (no named contact) · structure 4 (unknown) · activity 5 (no dated deal evidence) · ×0.92 trade press, not their own disclosure","","no domain on file"
"93","16","D","UrbanBuild (Bauer Investments)","Operator-acquirer","unknown","conviction","","","Find the corp-dev / BD owner","Lead search: Current company = ""UrbanBuild (Bauer Investments)"" · Seniority = Director/VP/CXO · Title contains: Corporate Development OR M&A OR Acquisitions OR Business Development","unknown","","","","ORG-052","need 8 (unknown) · lane 3 (dfw unknown, trade miss) · reach 0 (no named contact) · structure 4 (unknown) · activity 5 (no dated deal evidence) · ×0.80 directory only — verify before acting","Do NOT message until the individual is confirmed.","no domain on file"
