"account_name","account_type","hq_city","hq_state","website_domain","fund_or_aum","verticals_active","states_active","platform_count","texas_exposure","sponsor_parent","trigger_type","trigger_date","trigger_source_url","contact_name","contact_title","verification","primary_source_url","last_checked","notes","tier","stage","source_key","register_match","held_reason","promoted_on"
"Agellus Capital","P1_PE","St. Louis","MO","","","fire_life_safety","TX","1","yes","","T3","2025-02-26","https://www.privsource.com/","","","DISCOVERY","https://www.privsource.com/","2026-08-17","Bluejack Fire & Life Safety, HQ Houston TX. Platform formed Feb 2025; Orcus add-on Mar 2025. Newer platform - higher likely origination need.","2","Not reviewed","P1-002","","DISCOVERY — not primary-source verified",""
"Altas Partners","P1_PE","Toronto","","altas.com","","residential_hvac|roofing|fire_life_safety","","3","unknown","","T3","2025-05-08","","","","DISCOVERY","https://ctacquisitions.com/guides/private-equity-hvac-2026/","2026-08-17","Canada-HQ, US-active. Redwood (~$1.1B), Tecta America, co-owns Pye-Barker. hq_state blank: non-US.","3","Not reviewed","P1-005","","DISCOVERY — not primary-source verified",""
"Apax Partners","P1_PE","New York","NY","apax.com","","residential_hvac|residential_plumbing|fire_life_safety","","1","unknown","","NONE","","","","","DISCOVERY","https://ctacquisitions.com/guides/private-equity-hvac-2026/","2026-08-17","Owns Authority Brands (home-services franchisor), acquired 2018.","3","Not reviewed","P1-006","","DISCOVERY — not primary-source verified",""
"Apollo Global Management","P1_PE","New York","NY","apollo.com","","residential_hvac|residential_plumbing|residential_electrical","","1","unknown","","T3","2026-05-28","https://profitabilitypartners.io/home-services-private-equity-acquirers/","","","DISCOVERY","https://profitabilitypartners.io/home-services-private-equity-acquirers/","2026-08-17","CONFLICT: Apollo release (2026-05-28) states minority interest in Apex alongside Alpine, $10B valuation; some 2025 trade press dated deal earlier. Both carried.","3","Not reviewed","P1-007","","DISCOVERY — not primary-source verified",""
"Ardian","P1_PE","New York","NY","ardian.com","","commercial_hvac","TX","1","yes","","T3","2026-01-31","https://www.privsource.com/","","","DISCOVERY","https://www.privsource.com/","2026-08-17","Impact Climate Technologies platform; Larry Wunsch & Associates (San Antonio) add-on Jan 2026.","3","Not reviewed","P1-008","","DISCOVERY — not primary-source verified",""
"Audax Private Equity","P1_PE","Boston","MA","","","roofing","","1","unknown","","NONE","","","","","DISCOVERY","https://ctacquisitions.com/roofing-pe-rollup-tracker-2026/","2026-08-17","Backs CentiMark (commercial roofing). Domain left blank - not verified.","3","Not reviewed","P1-009","","DISCOVERY — not primary-source verified",""
"Bain Capital","P1_PE","Boston","MA","baincapital.com","","commercial_hvac|commercial_mep|building_automation|roofing","","1","unknown","","T3","2025-12-16","https://ctacquisitions.com/guides/private-equity-hvac-2026/","","","DISCOVERY","https://ctacquisitions.com/guides/private-equity-hvac-2026/","2026-08-17","Acquired Service Logic with Mubadala from Leonard Green.","3","Not reviewed","P1-010","","DISCOVERY — not primary-source verified",""
"BDT & MSD Partners","P1_PE","Chicago","IL","bdtmsd.com","","fire_life_safety","MN","1","unknown","","T3","2025-08-01","https://dealseam.com/fire-life-safety-pe-rollup-tracker-2026","","","DISCOVERY","https://dealseam.com/fire-life-safety-pe-rollup-tracker-2026","2026-08-17","Acquired Summit Companies from BlackRock LTPC Aug 2025.","3","Not reviewed","P1-011","","DISCOVERY — not primary-source verified",""
"Berkshire Partners","P1_PE","Boston","MA","berkshirepartners.com","","fire_life_safety","","1","unknown","","NONE","","","","","DISCOVERY","https://ctacquisitions.com/guides/private-equity-platforms-by-sector-2026/","2026-08-17","CONFLICT: named as Encore Fire owner by one source, Permira by another. Both carried.","3","Not reviewed","P1-012","","DISCOVERY — not primary-source verified",""
"Blackstone","P1_PE","New York","NY","blackstone.com","","residential_hvac|residential_plumbing|fire_life_safety","","2","unknown","","T3","2026-02-17","https://ctacquisitions.com/guides/private-equity-hvac-2026/","","","DISCOVERY","https://ctacquisitions.com/guides/private-equity-hvac-2026/","2026-08-17","Champions Group via BXPE (~$2.5B/~18.5x); AI Fire acquired Feb 2025.","3","Not reviewed","P1-014","","DISCOVERY — not primary-source verified",""
"Brightstar Capital Partners","P1_PE","New York","NY","brightstarcap.com","","roofing","TN","1","unknown","","T3","2024-08-07","https://ctacquisitions.com/roofing-pe-rollup-tracker-2026/","Wayne Holloway","Best Choice Roofing CEO","DISCOVERY","https://ctacquisitions.com/roofing-pe-rollup-tracker-2026/","2026-08-17","Best Choice Roofing (TN; 85+ locations, 24 states).","3","Not reviewed","P1-015","","DISCOVERY — not primary-source verified",""
"Carousel Capital","P1_PE","Charlotte","NC","carouselcapital.com","","roofing","CO|TX|GA|SC","1","yes","","T3","2025-10-01","https://ctacquisitions.com/roofing-pe-rollup-tracker-2026/","","","DISCOVERY","https://ctacquisitions.com/roofing-pe-rollup-tracker-2026/","2026-08-17","Merged covR + United Roofing Oct 2025.","2","Not reviewed","P1-016","","DISCOVERY — not primary-source verified",""
"CCMP Growth","P1_PE","New York","NY","ccmpgrowth.com","","roofing","","1","unknown","","T3","2025","https://ctacquisitions.com/roofing-pe-rollup-tracker-2026/","","","DISCOVERY","https://ctacquisitions.com/roofing-pe-rollup-tracker-2026/","2026-08-17","Backs Omnia Exterior Solutions.","3","Not reviewed","P1-017","","DISCOVERY — not primary-source verified",""
"Concentric Equity Partners","P1_PE","Chicago","IL","concentricequity.com","","fire_life_safety|commercial_electrical","CA","1","unknown","","T3","2025","https://www.privsource.com/acquisitions/electrical-services/2025","","","DISCOVERY","https://www.privsource.com/acquisitions/electrical-services/2025","2026-08-17","Backs RapidFire Safety & Security; Tri-X (CA).","3","Not reviewed","P1-018","","DISCOVERY — not primary-source verified",""
"Eagle Merchant Partners","P1_PE","Atlanta","GA","eaglemerchant.com","","roofing","TX|NM|FL|SC","1","yes","","T3","2024-11-05","https://ctacquisitions.com/roofing-pe-rollup-tracker-2026/","","","DISCOVERY","https://ctacquisitions.com/roofing-pe-rollup-tracker-2026/","2026-08-17","Eskola Roofing & Waterproofing (22 locations).","3","Not reviewed","P1-019","","DISCOVERY — not primary-source verified",""
"Freeman Spogli & Co.","P1_PE","Los Angeles","CA","freemanspogli.com","","roofing","","1","unknown","","T3","2025","https://ctacquisitions.com/roofing-pe-rollup-tracker-2026/","","","DISCOVERY","https://ctacquisitions.com/roofing-pe-rollup-tracker-2026/","2026-08-17","Co-backs Infinity Home Services (26 brands) with LightBay.","3","Not reviewed","P1-020","","DISCOVERY — not primary-source verified",""
"Garnett Station Partners","P1_PE","New York","NY","garnettstation.com","","commercial_mep|commercial_hvac","VT","1","unknown","","T3","2025","","","","DISCOVERY","https://www.privsource.com/acquisitions/private-equity-backed-acquisitions/hvac-mechanical","2026-08-17","Backs Grizzly MEP; Vermont Mechanical partnership.","3","Not reviewed","P1-021","","DISCOVERY — not primary-source verified",""
"Gridiron Capital","P1_PE","New Canaan","CT","gridironcapital.com","","residential_hvac|residential_plumbing|residential_electrical|roofing","","2","unknown","","T3","2023-01-18","","Jake Sloane","LSP Co-founder","DISCOVERY","https://ctacquisitions.com/guides/private-equity-hvac-2026/","2026-08-17","Legacy Service Partners (Tampa, 19 states); Leaf Home/Erie Home.","3","Not reviewed","P1-024","","DISCOVERY — not primary-source verified",""
"Gryphon Investors","P1_PE","San Francisco","CA","gryphoninvestors.com","","fire_life_safety","CA","1","unknown","","NONE","","","","","DISCOVERY","https://dealseam.com/fire-life-safety-pe-rollup-tracker-2026","2026-08-17","Consolidated Fire Protection (Cosco/Firetrol), Western US.","3","Not reviewed","P1-025","","DISCOVERY — not primary-source verified",""
"Hastings Equity Partners","P1_PE","Boston","MA","hastingsequity.com","","commercial_electrical|energy_services","WA","1","unknown","","T3","2025-04-16","https://www.cbinsights.com/company/mkd-electric","","","DISCOVERY","https://www.cbinsights.com/company/mkd-electric","2026-08-17","Backs MKD Electric; Sea-Tac Electric Apr 2025.","2","Not reviewed","P1-026","","DISCOVERY — not primary-source verified",""
"Heartwood Partners","P1_PE","Norwalk","CT","heartwoodpartners.com","","commercial_electrical|building_automation","FL","1","unknown","","T3","2025-11-05","https://www.privsource.com/acquisitions/electrical-services/2025","","","DISCOVERY","https://www.privsource.com/acquisitions/electrical-services/2025","2026-08-17","Backs Norlee Group; Inter-Bay Electric Nov 2025.","2","Not reviewed","P1-027","","DISCOVERY — not primary-source verified",""
"Hidden Harbor Capital Partners","P1_PE","Fort Lauderdale","FL","hiddenharborcap.com","","residential_hvac|residential_plumbing","TN","1","unknown","","T3","2025","","","","DISCOVERY","https://www.privsource.com/acquisitions/private-equity-backed-acquisitions/hvac-mechanical","2026-08-17","Backs Air Conditioning Specialist (ACS), TN.","3","Not reviewed","P1-028","","DISCOVERY — not primary-source verified",""
"Imperial Capital","P1_PE","Toronto","","imperialcap.com","","roofing|residential_hvac","","2","unknown","","T3","2025","https://ctacquisitions.com/roofing-pe-rollup-tracker-2026/","","","DISCOVERY","https://ctacquisitions.com/roofing-pe-rollup-tracker-2026/","2026-08-17","Skyline Roofing Partners; sold Frontier Service Partners to Apex Jan 2024. hq_state blank: non-US.","3","Not reviewed","P1-032","","DISCOVERY — not primary-source verified",""
"Investcorp","P1_PE","New York","NY","investcorp.com","","fire_life_safety","TN","1","unknown","","T3","2025-12-01","https://dealseam.com/fire-life-safety-pe-rollup-tracker-2026","","","DISCOVERY","https://dealseam.com/fire-life-safety-pe-rollup-tracker-2026","2026-08-17","Acquired Guardian Fire Services (Nashville) Dec 2025.","3","Not reviewed","P1-033","","DISCOVERY — not primary-source verified",""
"KKR","P1_PE","New York","NY","kkr.com","","residential_hvac|residential_plumbing|fire_life_safety|landscaping","","3","unknown","","T3","2025","","","","DISCOVERY","https://dealseam.com/fire-life-safety-pe-rollup-tracker-2026","2026-08-17","Neighborly (Q1 2025); Marmic Fire (from HGGC Jul 2024); co-backs BrightView.","3","Not reviewed","P1-034","","DISCOVERY — not primary-source verified",""
"Knox Lane","P1_PE","San Francisco","CA","knoxlane.com","","fire_life_safety","MD","1","unknown","","T3","2024","https://dealseam.com/fire-life-safety-pe-rollup-tracker-2026","","","DISCOVERY","https://dealseam.com/fire-life-safety-pe-rollup-tracker-2026","2026-08-17","Majority owner Guardian Fire Protection Services (MD) since Jan 2024.","3","Not reviewed","P1-035","","DISCOVERY — not primary-source verified",""
"Leonard Green & Partners","P1_PE","Los Angeles","CA","leonardgreen.com","","residential_hvac|commercial_hvac|fire_life_safety","","3","unknown","","T3","2025-12-01","","","","DISCOVERY","https://ctacquisitions.com/guides/private-equity-hvac-2026/","2026-08-17","Wrench Group; co-owns Pye-Barker. Sold Service Logic to Bain Dec 2025.","3","Not reviewed","P1-037","","DISCOVERY — not primary-source verified",""
"LightBay Capital","P1_PE","Los Angeles","CA","lightbaycapital.com","","roofing","","1","unknown","","T3","2025","https://ctacquisitions.com/roofing-pe-rollup-tracker-2026/","","","DISCOVERY","https://ctacquisitions.com/roofing-pe-rollup-tracker-2026/","2026-08-17","Co-backs Infinity Home Services with Freeman Spogli.","3","Not reviewed","P1-038","","DISCOVERY — not primary-source verified",""
"MSD Partners","P1_PE","New York","NY","msdpartners.com","","landscaping","","1","unknown","","NONE","","","","","DISCOVERY","https://ctacquisitions.com/guides/landscaping-ma-multiples-2026/","2026-08-17","Backs Yellowstone Landscape.","3","Not reviewed","P1-040","","DISCOVERY — not primary-source verified",""
"New Water Capital","P1_PE","Boca Raton","FL","newwatercap.com","","landscaping","","1","unknown","","NONE","","","","","DISCOVERY","https://ctacquisitions.com/guides/landscaping-ma-multiples-2026/","2026-08-17","Backs Sperber Landscape Companies.","3","Not reviewed","P1-041","","DISCOVERY — not primary-source verified",""
"OMERS Private Equity","P1_PE","New York","NY","omers.com","","commercial_hvac|commercial_plumbing|building_automation|residential_hvac","AZ|TX","2","yes","","T3","2022-08-05","","","","DISCOVERY","https://ctacquisitions.com/guides/private-equity-plumbing-2026/","2026-08-17","Pueblo Mechanical (2022); Modigent; TurnPoint. TX add-ons: Climate Solutions (Austin), Evolution Mechanical (Dallas-area).","3","Not reviewed","P1-042","ORG-073 | OMERS Private Equity","DISCOVERY — not primary-source verified",""
"One Rock Capital Partners","P1_PE","New York","NY","onerockcapital.com","","landscaping|facilities_services","","1","unknown","","T3","2024-08-01","https://ctacquisitions.com/ma-advisor-for-landscaping-business/","","","DISCOVERY","https://ctacquisitions.com/ma-advisor-for-landscaping-business/","2026-08-17","Take-private of BrightView (with KKR) announced Aug 2024.","3","Not reviewed","P1-043","","DISCOVERY — not primary-source verified",""
"Paceline Equity Partners","P1_PE","Dallas","TX","","","commercial_mep|fire_life_safety","TX","1","yes","","T3","2025-04-10","https://www.abfjournal.com/","","","DISCOVERY","https://www.abfjournal.com/","2026-08-17","Kassel Mechanical Holdings: $40M preferred equity + Arrow Electric add-on. Domain not verified.","2","Not reviewed","P1-045","","DISCOVERY — not primary-source verified",""
"Percheron Capital","P1_PE","San Francisco","CA","percheron.com","","fire_life_safety|residential_hvac|residential_plumbing","TX","2","yes","","T2","2025-11-01","https://dealseam.com/fire-life-safety-pe-rollup-tracker-2026","","","DISCOVERY","https://dealseam.com/fire-life-safety-pe-rollup-tracker-2026","2026-08-17","Launched ASPYRE Fire Nov 2025; TurnPoint HVAC (2023); McWilliams & Son (Lufkin, TX) platform 2022.","3","Not reviewed","P1-046","","DISCOVERY — not primary-source verified",""
"Permira","P1_PE","Menlo Park","CA","permira.com","","fire_life_safety","RI","1","unknown","","T3","2025-03-01","https://dealseam.com/fire-life-safety-pe-rollup-tracker-2026","","","DISCOVERY","https://dealseam.com/fire-life-safety-pe-rollup-tracker-2026","2026-08-17","Acquired Encore Fire Protection Mar 2025. CONFLICT: Berkshire Partners named as Encore owner by another source. Both carried.","3","Not reviewed","P1-047","","DISCOVERY — not primary-source verified",""
"Ridgemont Equity Partners","P1_PE","Charlotte","NC","ridgemontep.com","","commercial_hvac|commercial_mep|facilities_services","","1","unknown","","T3","2022-06-01","","","","DISCOVERY","https://www.threesixtyseven.com/wp-content/uploads/2025/09/US-Commercial-HVAC-Plumbing-Industry-Report-V2.pdf","2026-08-17","Backs Crete United since June 2022. Sale process reported late 2025 (T1 signal).","3","Not reviewed","P1-049","","DISCOVERY — not primary-source verified",""
"Shore Capital Partners","P1_PE","Chicago","IL","shorecp.com","","residential_hvac|residential_plumbing|commercial_mep","FL","1","unknown","","T3","2025","","","","DISCOVERY","https://www.privsource.com/acquisitions/private-equity-backed-acquisitions/hvac-mechanical","2026-08-17","Growth partnership with Comfort Temp (Gainesville, FL).","3","Not reviewed","P1-051","","DISCOVERY — not primary-source verified",""
"Stellex Capital Management","P1_PE","New York","NY","stellex.com","","residential_plumbing|commercial_plumbing|commercial_electrical","TX|WA|FL|NC|SC","2","yes","","T3","2022","","","","DISCOVERY","https://ctacquisitions.com/plumbing-pe-rollup-tracker-2026/","2026-08-17","P3 Services (Peltram) Jan 2022; ICS Holding.","3","Not reviewed","P1-053","","DISCOVERY — not primary-source verified",""
"Sun Capital Partners","P1_PE","Boca Raton","FL","suncappart.com","","residential_hvac|roofing","","2","unknown","","T3","2025","","","","DISCOVERY","https://ctacquisitions.com/roofing-pe-rollup-tracker-2026/","2026-08-17","Latite Roofing Jan 2025. CONFLICT: named as Redwood sponsor by one source, Altas by another. Both carried.","3","Not reviewed","P1-054","","DISCOVERY — not primary-source verified",""
"The Carlyle Group","P1_PE","Washington","DC","carlyle.com","","fire_life_safety","","1","unknown","","NONE","","","","","DISCOVERY","https://dealseam.com/fire-life-safety-pe-rollup-tracker-2026","2026-08-17","Majority owner Sciens Building Solutions since Dec 2021.","3","Not reviewed","P1-055","","DISCOVERY — not primary-source verified",""
"The Riverside Company","P1_PE","New York","NY","riversidecompany.com","","residential_hvac|residential_plumbing|residential_electrical","TX|CO|WA|ID|NM","1","yes","","T3","2025","","","","DISCOVERY","https://ctacquisitions.com/plumbing-pe-rollup-tracker-2026/","2026-08-17","T3 Services Group.","3","Not reviewed","P1-056","","DISCOVERY — not primary-source verified",""
"Trivest Partners","P1_PE","Miami","FL","trivest.com","~$6B AUM (Trivest, 2026)","landscaping","","1","unknown","","NONE","","","","","DISCOVERY","https://bluwave.net/pe-awards","2026-08-17","Founder-focused; Aspen Grove Landscape Group.","3","Not reviewed","P1-059","","DISCOVERY — not primary-source verified",""
"White Wolf Capital","P1_PE","Miami","FL","whitewolfcapital.com","","residential_plumbing|commercial_hvac|residential_hvac","FL","1","unknown","","T3","2025","","","","DISCOVERY","https://www.privsource.com/acquisitions/private-equity-backed-acquisitions/hvac-mechanical","2026-08-17","Backs Seacoast Service Partners (FL).","3","Not reviewed","P1-061","","DISCOVERY — not primary-source verified",""
"Wind Point Partners","P1_PE","Chicago","IL","windpointpartners.com","","fire_life_safety|building_automation","","1","unknown","","NONE","","","","","DISCOVERY","https://ctacquisitions.com/guides/private-equity-platforms-by-sector-2026/","2026-08-17","Backs Pavion (fire/security/AV).","3","Not reviewed","P1-062","","DISCOVERY — not primary-source verified",""
"Aeonic Partners","P2_FAMILY_OFFICE","","","","","industrial_services","","11","unknown","","NONE","","","","","DISCOVERY","https://www.axial.net/company/aeonic-partners","2026-08-17","Buy-and-hold family office. Pro-Vigil (security), Health & Safety Institute.","3","Not reviewed","P2-001","","DISCOVERY — not primary-source verified",""
"Anchor Investments","P2_FAMILY_OFFICE","","","","","industrial_services","","","unknown","","NONE","","","","","DISCOVERY","https://ctacquisitions.com/guides/family-offices-acquiring-businesses-2026/","2026-08-17","Family office specializing in manufacturing/metal fabrication.","3","Not reviewed","P2-002","","DISCOVERY — not primary-source verified",""
"Applied Value Group","P2_FAMILY_OFFICE","","","","","industrial_services|energy_services","","8","unknown","","T3","2025","https://www.axial.net/company/applied-value-group","","","DISCOVERY","https://www.axial.net/company/applied-value-group","2026-08-17","~25 private investments. ES Solar, Structural Steel of Carolina.","3","Not reviewed","P2-003","","DISCOVERY — not primary-source verified",""
"BlueAlpha Capital","P2_FAMILY_OFFICE","Southlake","TX","","","other","TX","7","yes","","NONE","","","","","DISCOVERY","https://www.axial.net/company/bluealpha-capital-single-family-office","2026-08-17","SFO (Sanjay Chandra Family, est. 2006); buyout/growth/RE/credit.","3","Not reviewed","P2-004","","DISCOVERY — not primary-source verified",""
"Brandsma Asset Management","P2_FAMILY_OFFICE","","","","","other","","1","unknown","","NONE","","","","","DISCOVERY","https://www.axial.net/company/brandsma-asset-management","2026-08-17","SFO est. 2018 after family-business sale; 15+ investments.","3","Not reviewed","P2-005","","DISCOVERY — not primary-source verified",""
"Carlin Capital Partners","P2_FAMILY_OFFICE","","","","","industrial_services","","3","unknown","","NONE","","","","","DISCOVERY","https://www.axial.net/company/carlin-capital-partners","2026-08-17","Father-son family PE (est. 2009). Support of Excavation, Rex Forge.","3","Not reviewed","P2-006","","DISCOVERY — not primary-source verified",""
"Carroll Capital","P2_FAMILY_OFFICE","Houston","TX","","","commercial_plumbing","TX","1","yes","","T3","2025","https://www.privsource.com/","Brian F. Carroll","Principal","DISCOVERY","https://www.privsource.com/","2026-08-17","Charlie's Plumbing (Houston) platform buyout 2025, BMO debt cited.","3","Not reviewed","P2-007","","DISCOVERY — not primary-source verified",""
"Cottonwood Acquisitions","P2_FAMILY_OFFICE","Ronkonkoma","NY","cottonwoodacquisitions.com","","industrial_services","","12","unknown","","NONE","","","","","DISCOVERY","https://cottonwoodacquisitions.com/","2026-08-17","Evergreen family office; 12 platforms, $1-10M cash-flow niche businesses, retiring-seller focus.","3","Not reviewed","P2-008","","DISCOVERY — not primary-source verified",""
"Cranbrook Partners","P2_FAMILY_OFFICE","","","","","fire_life_safety|industrial_services","","5","unknown","","T3","2026-03-01","https://www.axial.net/company/cranbrook-partners","","","DISCOVERY","https://www.axial.net/company/cranbrook-partners","2026-08-17","Mar 2026: FireCatt (fire-hose testing), Roman Stone, Ritner Steel.","1","Not reviewed","P2-009","","DISCOVERY — not primary-source verified",""
"Davenforth","P2_FAMILY_OFFICE","Austin","TX","","","landscaping","TX","","yes","","NONE","","","","","DISCOVERY","https://www.axial.net/forum/companies/austin-family-offices/","2026-08-17","Joint family office formed after 2020 sale of WLE to BrightView. Majority buyouts, $3M+ recurring revenue.","3","Not reviewed","P2-010","","DISCOVERY — not primary-source verified",""
"Elm Fork Partners","P2_FAMILY_OFFICE","","TX","","","energy_services","TX","2","yes","","NONE","","","","","DISCOVERY","https://www.axial.net/company/elm-fork-partners","2026-08-17","Texas SFO, permanent capital. Invested in Pumpco Energy Services.","3","Not reviewed","P2-011","","DISCOVERY — not primary-source verified",""
"Fire Pit Capital","P2_FAMILY_OFFICE","","","","","industrial_services","","2","unknown","","NONE","","","","","DISCOVERY","https://www.axial.net/company/fire-pit-capital","2026-08-17","Southeast; committed patient capital from multiple family offices. AMBIGUOUS FO/IS hybrid.","3","Not reviewed","P2-012","","DISCOVERY — not primary-source verified",""
"Forest Lane Capital","P2_FAMILY_OFFICE","Pittsburgh","PA","","","industrial_services","","3","unknown","","T3","2025","https://www.axial.net/company/forest-lane-capital","","","DISCOVERY","https://www.axial.net/company/forest-lane-capital","2026-08-17","LMM. ARS Recycling Systems (2025), HTG Supply (2021).","3","Not reviewed","P2-013","","DISCOVERY — not primary-source verified",""
"Investar Financial Corporation","P2_FAMILY_OFFICE","Dallas","TX","","$1.0B AUM (self-stated)","other","TX","3","yes","","NONE","","","","","DISCOVERY","https://www.axial.net/company/investar-financial-corporation-6800424571796434382","2026-08-17","Family office, US middle market since 2001.","3","Not reviewed","P2-015","","DISCOVERY — not primary-source verified",""
"Kompass Kapital","P2_FAMILY_OFFICE","Kansas City","MO","","","residential_hvac|residential_plumbing|residential_electrical","KS","1","unknown","","T3","2026-05-01","https://ctacquisitions.com/plumbing-pe-rollup-tracker-2026/","","","DISCOVERY","https://ctacquisitions.com/plumbing-pe-rollup-tracker-2026/","2026-08-17","Single family office; sponsors Founders Home Service Group (Overland Park KS). AAA City Plumbing May 2026.","1","Not reviewed","P2-016","","DISCOVERY — not primary-source verified",""
"Lang Partners","P2_FAMILY_OFFICE","Dallas","TX","","","other","TX","10","yes","","NONE","","","","","DISCOVERY","https://www.axial.net/company/lang-partners","2026-08-17","RE development firm and family office. Service Star Brands (home-services franchising).","3","Not reviewed","P2-017","","DISCOVERY — not primary-source verified",""
"MasGroup","P2_FAMILY_OFFICE","","","","","roofing","CO","1","unknown","","T3","2026-04-02","https://www.citybiz.co/article/827996/superior-roofing-completes-ownership-transition/","Juan Carlos Mas","Principal","DISCOVERY","https://www.citybiz.co/article/827996/superior-roofing-completes-ownership-transition/","2026-08-17","Strategic single-family office. Investor in Superior Roofing (Aurora, CO). HQ/domain not verified.","1","Not reviewed","P2-018","","DISCOVERY — not primary-source verified",""
"Mason Wells","P2_FAMILY_OFFICE","Milwaukee","WI","masonwells.com","","utility_services","","20","unknown","","NONE","","","","","DISCOVERY","https://www.masonwells.com/","2026-08-17","Midwest family-and-institutional capital; waste and water management. Family-capital-adjacent, not a pure SFO.","3","Not reviewed","P2-019","","DISCOVERY — not primary-source verified",""
"Matbridge Investments Ltd.","P2_FAMILY_OFFICE","","","","","energy_services|utility_services","","10","unknown","","NONE","","","","","DISCOVERY","https://www.axial.net/company/matbridge-investments-ltd","2026-08-17","Diversified family investment firm. Subterra Renewables (geothermal/energy services).","3","Not reviewed","P2-020","","DISCOVERY — not primary-source verified",""
"Nobel Investments","P2_FAMILY_OFFICE","Santa Monica","CA","","","other","","2","unknown","","NONE","","","Atta Tarki","Founder","DISCOVERY","https://www.axial.net/company/nobel-investments","2026-08-17","Family investment office; owner/operators of acquired businesses.","3","Not reviewed","P2-021","","DISCOVERY — not primary-source verified",""
"NorthCurrent Partners","P2_FAMILY_OFFICE","","","","","residential_hvac|residential_plumbing|residential_electrical","TX|FL","1","yes","","T3","2025-12-01","https://www.axial.net/company/northcurrent-partners","","","DISCOVERY","https://www.axial.net/company/northcurrent-partners","2026-08-17","CONFLICT ON TYPE: self-describes as extension of a family office but operates as sponsor; tagged P3 in an earlier run. Backs Liberty Service Partners (Dallas). 25 closed deals.","1","Not reviewed","P2-022","","DISCOVERY — not primary-source verified",""
"Northwoods Partners","P2_FAMILY_OFFICE","","","","","facilities_services","","4","unknown","","NONE","","","","","DISCOVERY","https://www.axial.net/company/northwoods-partners","2026-08-17","Built from ImageFIRST (Berstein family) team; services roll-up expertise.","3","Not reviewed","P2-023","","DISCOVERY — not primary-source verified",""
"Pearl Street Capital Partners","P2_FAMILY_OFFICE","","","","","industrial_services|roofing|residential_hvac","FL|MI|OH|IL|MN","4","unknown","","T3","2026","https://www.axial.net/company/pearl-street-capital-partners","","","DISCOVERY","https://www.axial.net/company/pearl-street-capital-partners","2026-08-17","Committed capital from two family offices; $1-7M EBITDA. Backs Aligned Exteriors Group and Panther Service Group. AMBIGUOUS FO/IS hybrid.","1","Not reviewed","P2-024","","DISCOVERY — not primary-source verified",""
"Pohlad Companies","P2_FAMILY_OFFICE","Minneapolis","MN","pohladcompanies.com","","other","","","unknown","","NONE","","","","","DISCOVERY","https://pim.pohladcompanies.com/","2026-08-17","Confirmed direct-investing family office; NO in-scope vertical deal verified. Thesis-fit lead only.","3","Not reviewed","P2-025","","DISCOVERY — not primary-source verified",""
"Preservation Holdings LLC","P2_FAMILY_OFFICE","Dallas","TX","","","residential_hvac|residential_plumbing","TX|OK","2","yes","","T3","2022-07-01","https://www.axial.net/company/preservation-holdings-llc","","","DISCOVERY","https://www.axial.net/company/preservation-holdings-llc","2026-08-17","Group of DFW family offices; permanent capital, no mandate to return capital. Air Assurance, HomeTown Services (2022).","3","Not reviewed","P2-026","","DISCOVERY — not primary-source verified",""
"Progeny 3","P2_FAMILY_OFFICE","Kirkland","WA","","","energy_services","","1","unknown","","T3","2026-04-15","https://www.morningstar.com/news/business-wire/20260414818602/","Danny Knight","Portfolio Manager","DISCOVERY","https://www.morningstar.com/news/business-wire/20260414818602/","2026-08-17","SFO. Equity in Cadre Energy Solutions (contract gas compression) Apr 2026. Domain not verified.","1","Not reviewed","P2-028","","DISCOVERY — not primary-source verified",""
"Pulte Capital Partners LLC","P2_FAMILY_OFFICE","","","","","residential_hvac","","2","unknown","","NONE","","","","","DISCOVERY","https://www.axial.net/company/pulte-capital-partners-llc","2026-08-17","Building-products family capital; Advanced Air Conditioning & Heating (2013).","3","Not reviewed","P2-029","","DISCOVERY — not primary-source verified",""
"Rhino Ventures LLC","P2_FAMILY_OFFICE","Dallas","TX","","","industrial_services|utility_services","TX","1","yes","","NONE","","","Ken Manning","Principal","DISCOVERY","https://www.axial.net/company/rhino-ventures-llc","2026-08-17","SFO formed 2016 via ~$230M sale of Curaspan Health. Thesis: always-needed infrastructure/specialty trades, mostly Texas.","3","Not reviewed","P2-030","","DISCOVERY — not primary-source verified",""
"Rising Ventures Group LLC","P2_FAMILY_OFFICE","","","","","other","","5","unknown","","NONE","","","","","DISCOVERY","https://www.axial.net/company/rising-ventures-group-llc","2026-08-17","Family-run investor across CPG, retail, healthcare, manufacturing, distribution.","3","Not reviewed","P2-031","","DISCOVERY — not primary-source verified",""
"Rosewood Private Investments","P2_FAMILY_OFFICE","Dallas","TX","","","industrial_services","TX","20","yes","","NONE","","","Derry Burns","Director","DISCOVERY","https://www.axial.net/company/rosewood-private-investments","2026-08-17","PE arm of The Rosewood Corporation (Caroline Hunt Trust Estate), evergreen.","3","Not reviewed","P2-032","ORG-012 | Rosewood Private Investments","DISCOVERY — not primary-source verified",""
"Schultz Brothers Holdings","P2_FAMILY_OFFICE","","TX","","","industrial_services|energy_services","TX","2","yes","","NONE","","","","","DISCOVERY","https://www.axial.net/company/schultz-brothers-holdings","2026-08-17","Texas family holding co; $1-5M EBITDA industrials, energy, business services.","3","Not reviewed","P2-033","","DISCOVERY — not primary-source verified",""
"SIG Partners","P2_FAMILY_OFFICE","Dallas","TX","sigpartners.com","","residential_hvac","TX","","yes","","T3","2026","https://www.axial.net/company/sig-partners","","","DISCOVERY","https://www.axial.net/company/sig-partners","2026-08-17","30+ companies in 6 years, operator model, 90-100% cash to close. Snipps Heating & Air Jan 2026.","1","Not reviewed","P2-034","","DISCOVERY — not primary-source verified",""
"StoneCalibre, LLC","P2_FAMILY_OFFICE","Los Angeles","CA","","","industrial_services","","11","unknown","","NONE","","","","","DISCOVERY","https://www.axial.net/company/stonecalibre-llc","2026-08-17","36 companies via 7 platforms; corporate divestitures/buy-and-builds.","3","Not reviewed","P2-035","","DISCOVERY — not primary-source verified",""
"The Arnold Companies","P2_FAMILY_OFFICE","Dallas","TX","","","energy_services","TX","7","yes","","NONE","","","","","DISCOVERY","https://www.axial.net/company/the-arnold-companies","2026-08-17","Dallas family investment firm; refined-petroleum distribution roots, aviation, RE.","3","Not reviewed","P2-037","","DISCOVERY — not primary-source verified",""
"Thrive Five","P2_FAMILY_OFFICE","","TX","","","other","TX","6","yes","","NONE","","","","","DISCOVERY","https://www.axial.net/company/thrive-five","2026-08-17","SFO; healthcare and outdoor building products.","3","Not reviewed","P2-039","","DISCOVERY — not primary-source verified",""
"Tillery Capital","P2_FAMILY_OFFICE","Charlotte","NC","tillerycapital.com","","industrial_services|facilities_services","","","unknown","","NONE","","","","","DISCOVERY","https://tillerycapital.com/","2026-08-17","Family-office-structured; LMM companies >$2M EBITDA.","3","Not reviewed","P2-040","","DISCOVERY — not primary-source verified",""
"Treaty Oak Equity","P2_FAMILY_OFFICE","Austin","TX","","","residential_hvac|residential_plumbing|residential_electrical","TX","6","yes","","T3","2024","https://www.axial.net/company/treaty-oak-equity","","","DISCOVERY","https://www.axial.net/company/treaty-oak-equity","2026-08-17","Commitments from two Texas family offices. Held Stan's Heating Air Plumbing & Electrical and Wagner Mechanical (Austin); sold to The Master Trades Group 2024.","3","Not reviewed","P2-041","","DISCOVERY — not primary-source verified",""
"Amalgam Capital, LLC","P3_INDEPENDENT_SPONSOR","","","","","commercial_hvac|commercial_mep","VA","1","unknown","MechanAir","T3","2024-10-01","https://www.axial.net/company/amalgam-capital-llc","","","DISCOVERY","https://www.axial.net/company/amalgam-capital-llc","2026-08-17","Operator-led IS. Core Mechanical (2024), State Mechanical (2021), Hampton Roads Mechanical (2021) forming MechanAir with Delos Capital.","3","Not reviewed","P3-002","","DISCOVERY — not primary-source verified",""
"American Growth Partners","P3_INDEPENDENT_SPONSOR","","CA","american-gp.com","","industrial_services","","0","unknown","","NONE","","","","","DISCOVERY","https://www.axial.net/company/american-growth-partners","2026-08-17","N. California investor-operators; services and industrial $1M+ EBITDA. No reported closed deals.","3","Not reviewed","P3-003","","DISCOVERY — not primary-source verified",""
"Ballard & Brown","P3_INDEPENDENT_SPONSOR","Henderson","NV","","","residential_hvac","NV","1","unknown","","T3","2023-12-29","https://www.privsource.com/acquisitions/hvac-mechanical/state/nevada","Matt Ballard","Partner","DISCOVERY","https://www.privsource.com/acquisitions/hvac-mechanical/state/nevada","2026-08-17","Sunrise Mechanical/Sunrise Service (Henderson NV, 150+ employees), $21M Columbia Pacific senior secured term loan.","3","Not reviewed","P3-005","","DISCOVERY — not primary-source verified",""
"BaseCamp Equity Partners","P3_INDEPENDENT_SPONSOR","","","basecampequity.com","","roofing","CO","1","unknown","","T3","2026-04-02","https://www.citybiz.co/article/827996/superior-roofing-completes-ownership-transition/","","","DISCOVERY","https://www.citybiz.co/article/827996/superior-roofing-completes-ownership-transition/","2026-08-17","Co-lead investor in Superior Roofing (CO) with MasGroup Apr 2026. HQ not verified.","2","Not reviewed","P3-006","","DISCOVERY — not primary-source verified",""
"Black Dune","P3_INDEPENDENT_SPONSOR","","","","","industrial_services|facilities_services","","","unknown","","NONE","","","","","DISCOVERY","https://www.axial.net/company/black-dune","2026-08-17","LMM B2B commercial and industrial services, specialty distribution; multi-site buy-and-build.","3","Not reviewed","P3-007","","DISCOVERY — not primary-source verified",""
"Boudrow Capital","P3_INDEPENDENT_SPONSOR","","","","","facilities_services","","0","unknown","","NONE","","","","","DISCOVERY","https://www.axial.net/company/boudrow-capital","2026-08-17","B2B service businesses with recurring revenue in New England. No reported closed deals.","3","Not reviewed","P3-008","","DISCOVERY — not primary-source verified",""
"Broadwing Capital","P3_INDEPENDENT_SPONSOR","Dallas","TX","","","industrial_services|commercial_mep","TX","3","yes","","T3","2024-09-12","https://www.axial.net/company/broadwing-capital","Eliot Kerlin Jr.","Managing Partner","DISCOVERY","https://www.axial.net/company/broadwing-capital","2026-08-17","CONFLICT ON TYPE: tagged P1_PE in an earlier run. Dallas. Upchurch Services; Weldon Services (DFW-area MEP) add-on 2024.","3","Not reviewed","P3-009","","DISCOVERY — not primary-source verified",""
"Caravel Capital LLC","P3_INDEPENDENT_SPONSOR","","","","","landscaping","GA","4","unknown","","T3","2026-04-01","https://www.axial.net/company/caravel-capital-llc","","","DISCOVERY","https://www.axial.net/company/caravel-capital-llc","2026-08-17","Tree-service roll-up: Thornton's, Big Ben's, Georgia Tree, Holcomb (2025-2026).","2","Not reviewed","P3-010","","DISCOVERY — not primary-source verified",""
"Clavis Capital Partners","P3_INDEPENDENT_SPONSOR","","","","","industrial_services","","","unknown","","NONE","","","","","DISCOVERY","https://www.axial.net/company/clavis-capital-partners","2026-08-17","Operator-led; manufacturing and industrial services >$3M EBITDA.","3","Not reviewed","P3-011","","DISCOVERY — not primary-source verified",""
"Cresthaven Capital","P3_INDEPENDENT_SPONSOR","","","","","facilities_services|utility_services|industrial_services","","","unknown","","NONE","","","","","DISCOVERY","https://www.axial.net/company/cresthaven-capital","2026-08-17","Permanent-capital IS; facilities services, gov/defense contracting, $1-25M+ EBITDA.","3","Not reviewed","P3-013","","DISCOVERY — not primary-source verified",""
"Dark Matter","P3_INDEPENDENT_SPONSOR","","","","","industrial_services","","","unknown","","NONE","","","","","DISCOVERY","https://www.axial.net/company/dark-matter","2026-08-17","Balance-sheet plus external capital; control positions US/Canada. AMBIGUOUS FO/IS hybrid.","3","Not reviewed","P3-014","","DISCOVERY — not primary-source verified",""
"Del Monte Capital","P3_INDEPENDENT_SPONSOR","Houston","TX","","","fire_life_safety|elevator|industrial_services|utility_services","TX","3","yes","","T3","2026-03-01","https://www.axial.net/company/del-monte-capital","","","DISCOVERY","https://www.axial.net/company/del-monte-capital","2026-08-17","Texas LMM sponsor est. 2023. DLG Infrastructure Services (2026), Stratos Elevator + Integrity Elevator (2024).","2","Not reviewed","P3-015","","DISCOVERY — not primary-source verified",""
"Evolution Strategy Partners","P3_INDEPENDENT_SPONSOR","Chicago","IL","","","commercial_electrical|landscaping","TX","2","yes","","T3","2024-03-01","https://www.axial.net/company/evolution-strategy","","","DISCOVERY","https://www.axial.net/company/evolution-strategy","2026-08-17","Amped Electric (2024) and Houston Landscapes Unlimited (2024).","3","Not reviewed","P3-016","","DISCOVERY — not primary-source verified",""
"Foundation Investment Partners","P3_INDEPENDENT_SPONSOR","","","","","industrial_services","","","unknown","","NONE","","","","","DISCOVERY","https://www.axial.net/company/foundation-investment-partners","2026-08-17","Niche manufacturers, value-added distributors, outsourced business services.","3","Not reviewed","P3-017","","DISCOVERY — not primary-source verified",""
"Good Springs Capital","P3_INDEPENDENT_SPONSOR","Fayetteville","AR","","","commercial_hvac|commercial_plumbing|commercial_mep|residential_plumbing","NJ|TX","2","yes","","T3","2025","https://www.privsource.com/acquisitions/hvac-mechanical/2025","","","DISCOVERY","https://www.privsource.com/acquisitions/hvac-mechanical/2025","2026-08-17","CONFLICT ON TYPE: tagged P1_PE in an earlier run. Falasca Mechanical (NJ); Kimbel Mechanical Systems with Gibson Plumbing (San Antonio, DFW footprint).","3","Not reviewed","P3-018","","DISCOVERY — not primary-source verified",""
"Hillstar Capital","P3_INDEPENDENT_SPONSOR","","","","","industrial_services|commercial_electrical","TX","3","yes","","NONE","","","","","DISCOVERY","https://www.axial.net/company/hillstar-capital","2026-08-17","Patriot Erectors, OneCor Services, RBD Construction.","3","Not reviewed","P3-020","","DISCOVERY — not primary-source verified",""
"House Rock Capital Partners","P3_INDEPENDENT_SPONSOR","","","","","industrial_services","","2","unknown","","NONE","","","Bobby Anderson","Founder","DISCOVERY","https://www.axial.net/company/house-rock-capital-partners-llc","2026-08-17","Operator-led; manufacturing platforms $10-100M revenue, $53M+ deployed.","3","Not reviewed","P3-021","","DISCOVERY — not primary-source verified",""
"Kissel Capital LLC","P3_INDEPENDENT_SPONSOR","","IN","","","fire_life_safety|industrial_services","","3","unknown","","T3","2025-11-01","https://www.axial.net/company/kissel-capital-llc","","","DISCOVERY","https://www.axial.net/company/kissel-capital-llc","2026-08-17","Indiana IS, industrial $2-6M EBITDA. Safety Boss. AMBIGUOUS: ex-committed-fund, MBO orientation.","2","Not reviewed","P3-023","","DISCOVERY — not primary-source verified",""
"Marigny Investments LLC","P3_INDEPENDENT_SPONSOR","Denver","CO","","","other","","2","unknown","","NONE","","","","","DISCOVERY","https://www.axial.net/company/marigny-investments-llc","2026-08-17","B2B services and light manufacturing, $1-5M EBITDA.","3","Not reviewed","P3-024","","DISCOVERY — not primary-source verified",""
"Milton Street Capital","P3_INDEPENDENT_SPONSOR","Dallas","TX","","","commercial_mep","TX","1","yes","PurgeRite","T3","2023-10-04","https://www.privsource.com/","","","DISCOVERY","https://www.privsource.com/","2026-08-17","PurgeRite (mechanical flushing/filtration, data-center end-market), majority recap Oct 2023.","3","Not reviewed","P3-025","","DISCOVERY — not primary-source verified",""
"Narrow River Capital","P3_INDEPENDENT_SPONSOR","","","","","industrial_services","","","unknown","","NONE","","","","","DISCOVERY","https://www.axial.net/forum/companies/industrial-machinery-equipment-independent-sponsors/29/","2026-08-17","Industrial services in fragmented markets, recurring revenue/essential-service models. Founder ex-CVC/Apollo.","3","Not reviewed","P3-026","","DISCOVERY — not primary-source verified",""
"Red River Equity Partners","P3_INDEPENDENT_SPONSOR","Dallas","TX","","","industrial_services","TX","1","yes","","T3","2024-02-01","https://www.axial.net/company/red-river-equity-partners","","","DISCOVERY","https://www.axial.net/company/red-river-equity-partners","2026-08-17","Dallas IS. 1888 Industrial Services (2024).","3","Not reviewed","P3-027","","DISCOVERY — not primary-source verified",""
"Rox Capital","P3_INDEPENDENT_SPONSOR","","","","","industrial_services","","2","unknown","","T3","2023-07-01","https://www.axial.net/company/rox-capital","","","DISCOVERY","https://www.axial.net/company/rox-capital","2026-08-17","LMM $1.5-3M cash flow. Neil Technical Services, Scruggs Company.","3","Not reviewed","P3-028","","DISCOVERY — not primary-source verified",""
"Silver Peak Partners","P3_INDEPENDENT_SPONSOR","Denver","CO","","","utility_services|industrial_services","","2","unknown","","NONE","","","","","DISCOVERY","https://www.axial.net/company/silver-peak-partners","2026-08-17","$2-15M EBITDA. CG Environmental, Rocky Mountain Excavating.","3","Not reviewed","P3-029","","DISCOVERY — not primary-source verified",""
"Sound Partners","P3_INDEPENDENT_SPONSOR","","","","","commercial_hvac","NV|CA|TX","1","yes","The Mechanical Group","NONE","","https://www.privsource.com/acquisitions/hvac-mechanical/state/nevada","","","DISCOVERY","https://www.privsource.com/acquisitions/hvac-mechanical/state/nevada","2026-08-17","With Calico Group: Tradewinds Mechanical (Las Vegas), S&R Air Conditioning (LA), Climate Specialists (Austin) forming The Mechanical Group. trigger_date not established.","3","Not reviewed","P3-030","","DISCOVERY — not primary-source verified",""
"Stuart Acquisitions, LLC","P3_INDEPENDENT_SPONSOR","","","","","facilities_services","","1","unknown","","T3","2025-07-01","https://www.axial.net/company/stuart-acquisitions-llc","","","DISCOVERY","https://www.axial.net/company/stuart-acquisitions-llc","2026-08-17","MBO/turnarounds/recaps; asset-light services. Pool-service roll-up 2025.","2","Not reviewed","P3-031","","DISCOVERY — not primary-source verified",""
"SubSplit Services Group","P3_INDEPENDENT_SPONSOR","","TX","","","commercial_mep","TX","1","yes","Stratus Systems","T3","2025-01-24","https://www.privsource.com/","","","DISCOVERY","https://www.privsource.com/","2026-08-17","Permanent capital. Stratus Systems (Dallas, mechanical/high-purity piping) buyout Jan 2025.","3","Not reviewed","P3-032","","DISCOVERY — not primary-source verified",""
"Sundog Capital","P3_INDEPENDENT_SPONSOR","","","","","commercial_electrical|residential_electrical","","1","unknown","","T3","2022-04-01","https://www.axial.net/company/sundog-capital","","","DISCOVERY","https://www.axial.net/company/sundog-capital","2026-08-17","Investor-operators; construction and contracting. Stryker Electrical, Bay Area Electric, Edge Electric (2022).","3","Not reviewed","P3-033","","DISCOVERY — not primary-source verified",""
"Swift Anchor Holdings","P3_INDEPENDENT_SPONSOR","","","","","industrial_services","","","unknown","","NONE","","","","","DISCOVERY","https://www.axial.net/company/swift-anchor-holdings","2026-08-17","Backed by leading family offices; $3-25M EBITDA healthcare, business/industrial services, A&D.","3","Not reviewed","P3-034","","DISCOVERY — not primary-source verified",""
"Tenet","P3_INDEPENDENT_SPONSOR","","","","","industrial_services","","0","unknown","","NONE","","","","","DISCOVERY","https://www.axial.net/company/tenet","2026-08-17","Permanent-capital IS acquiring small essential-service businesses in compliance-driven skilled trades. No reported closed deals yet.","3","Not reviewed","P3-035","","DISCOVERY — not primary-source verified",""
"Thesis Capital Partners LLC","P3_INDEPENDENT_SPONSOR","","","","","other","","2","unknown","","NONE","","","","","DISCOVERY","https://www.axial.net/company/thesis-capital-partners-llc","2026-08-17","Operator-led; family-owned LMM buy-and-build.","3","Not reviewed","P3-036","","DISCOVERY — not primary-source verified",""
"Thornblade Capital","P3_INDEPENDENT_SPONSOR","","","","","other","","","unknown","","NONE","","","","","DISCOVERY","https://www.axial.net/company/thornblade-capital2","2026-08-17","IS/advisory for $3-50M revenue small businesses.","3","Not reviewed","P3-037","","DISCOVERY — not primary-source verified",""
"Timoneer Strategic Partners","P3_INDEPENDENT_SPONSOR","","","","","facilities_services","","1","unknown","","T3","2024-12-01","https://www.axial.net/company/timoneer-strategic-partners","","","DISCOVERY","https://www.axial.net/company/timoneer-strategic-partners","2026-08-17","Restoration platform: DRC Restoration (2024), Solid Restoration (2023).","3","Not reviewed","P3-038","","DISCOVERY — not primary-source verified",""
"Tradescope Capital","P3_INDEPENDENT_SPONSOR","","","","","commercial_mep|residential_hvac","","1","unknown","","T3","2025-12-01","https://www.axial.net/company/tradescope-capital","","","DISCOVERY","https://www.axial.net/company/tradescope-capital","2026-08-17","Acquires small building trade contractors, integrates into geographic Pods across growing US markets.","2","Not reviewed","P3-039","","DISCOVERY — not primary-source verified",""
"AI Fire","P4_PLATFORM","Long Beach","CA","aifire.com","~$1.1B (Blackstone acquisition 2025-02)","fire_life_safety","","","unknown","Blackstone","T3","2025-02-01","https://dealseam.com/fire-life-safety-pe-rollup-tracker-2026","","","DISCOVERY","https://dealseam.com/fire-life-safety-pe-rollup-tracker-2026","2026-08-17","Impact Fire + Academy Fire. 45+ offices. Blackstone from TruArc Feb 2025.","3","Not reviewed","P4-001","","DISCOVERY — not primary-source verified",""
"Aligned Exteriors Group","P4_PLATFORM","","","","","roofing","MI|OH|IL|MN","","unknown","River Sea Network / Pearl Street Capital","T3","2025-10-15","https://ctacquisitions.com/roofing-pe-rollup-tracker-2026/","","","DISCOVERY","https://ctacquisitions.com/roofing-pe-rollup-tracker-2026/","2026-08-17","Upper Midwest/Great Lakes. Whitney Roofing (Oct 2025); Trinity Exteriors (2026).","1","Not reviewed","P4-002","","DISCOVERY — not primary-source verified",""
"Ally Services","P4_PLATFORM","","","","","residential_hvac|residential_plumbing","VA|MD|DE","","unknown","Watchtower Capital Partners","T3","2025","https://www.privsource.com/acquisitions/private-equity-backed-acquisitions/hvac-mechanical","","","DISCOVERY","https://www.privsource.com/acquisitions/private-equity-backed-acquisitions/hvac-mechanical","2026-08-17","Mid-Atlantic. 3 add-ons in 2025: J Hood, Tri-County Aire, Above & Beyond. HQ and domain not verified.","3","Not reviewed","P4-003","","DISCOVERY — not primary-source verified",""
"Altus Fire and Life Safety","P4_PLATFORM","Atlanta","GA","","","fire_life_safety","","","unknown","AE Industrial Partners","T3","2025","https://dealseam.com/fire-life-safety-pe-rollup-tracker-2026","","","DISCOVERY","https://dealseam.com/fire-life-safety-pe-rollup-tracker-2026","2026-08-17","Multi-brand: Fire Systems, Cross-Fire, BK, Priority Fire. Domain not verified.","3","Not reviewed","P4-004","","DISCOVERY — not primary-source verified",""
"Apex Service Partners","P4_PLATFORM","Tampa","FL","apexservicepartners.com","CONFLICT: Apollo release 2026-05-28 states 75 brands/46 states/+$3B revenue/+$500M EBITDA; trade trackers cite ~107 brands/~$1.3B","residential_hvac|residential_plumbing|residential_electrical","","","unknown","Alpine Investors / Apollo","T3","2025","https://ctacquisitions.com/guides/private-equity-hvac-2026/","","","DISCOVERY","https://ctacquisitions.com/guides/private-equity-hvac-2026/","2026-08-17","~60 add-ons in 2025. Both scale figures carried. Large in-house corp dev - low outside-advisory need.","3","Not reviewed","P4-005","ORG-056 | Apex Service Partners (Alpine/Partners Group/Apollo)","DISCOVERY — not primary-source verified",""
"ASPYRE Fire & Life Safety","P4_PLATFORM","","","","","fire_life_safety","","","unknown","Percheron Capital","T2","2025-11-01","https://dealseam.com/fire-life-safety-pe-rollup-tracker-2026","","","DISCOVERY","https://dealseam.com/fire-life-safety-pe-rollup-tracker-2026","2026-08-17","NEW platform launched Nov 2025, led by ex-JCI/Tyco exec. No add-ons yet - highest origination need in fire.","1","Not reviewed","P4-006","","DISCOVERY — not primary-source verified",""
"Astra Service Partners","P4_PLATFORM","Oklahoma City","OK","astraservicepartners.com","","commercial_hvac|commercial_mep|commercial_plumbing","AZ|IN|MI|FL","","unknown","Alpine Investors","T3","2025-07-01","https://ctacquisitions.com/guides/private-equity-plumbing-2026/","","","DISCOVERY","https://ctacquisitions.com/guides/private-equity-plumbing-2026/","2026-08-17","Orion Group brand network: 33 companies, 44 states. Diamondback Plumbing (Jan 2025); Griffen (Jul 2025).","2","Not reviewed","P4-007","","DISCOVERY — not primary-source verified",""
"Best Choice Roofing","P4_PLATFORM","Brentwood","TN","bestchoiceroofing.com","~$277M revenue (2023)","roofing","","","unknown","Brightstar Capital Partners","T3","2024-08-07","https://ctacquisitions.com/roofing-pe-rollup-tracker-2026/","Wayne Holloway","Founder/CEO","DISCOVERY","https://ctacquisitions.com/roofing-pe-rollup-tracker-2026/","2026-08-17","85+ locations, 24 states.","3","Not reviewed","P4-009","","DISCOVERY — not primary-source verified",""
"Bluejack Fire & Life Safety","P4_PLATFORM","Houston","TX","","","fire_life_safety","TX","2","yes","Agellus Capital","T3","2025-03-26","https://www.privsource.com/","","","DISCOVERY","https://www.privsource.com/","2026-08-17","Platform formed Feb 2025, Houston HQ. FirePro Tech + Chase Fire (TX); Orcus add-on Mar 2025. Newer platform - strong origination-need candidate.","2","Not reviewed","P4-010","","DISCOVERY — not primary-source verified",""
"Building Controls & Solutions","P4_PLATFORM","Dallas","TX","","","building_automation","TX|NC","","yes","Platte River Equity","T3","2025-01-22","https://www.privsource.com/acquisitions/deal/platte-river-equity-acquires-building-controls-solutions-wySvlo","","","DISCOVERY","https://platteriverequity.com/platte-river-equity-announces-the-acquisition-of-building-controls-solutions/","2026-08-17","24 branches US/Canada. Building automation distribution. Controlstop add-on. Domain not verified.","3","Not reviewed","P4-011","","DISCOVERY — not primary-source verified",""
"Champions Group Holdings","P4_PLATFORM","Orange County","CA","championsgrp.com","~$2.5B EV / ~$140M EBITDA","residential_hvac|residential_plumbing|residential_electrical","TX","","yes","Blackstone (BXPE)","T3","2026-02-17","https://ctacquisitions.com/guides/private-equity-hvac-2026/","Frank DiMarco","CEO","DISCOVERY","https://ctacquisitions.com/guides/private-equity-hvac-2026/","2026-08-17","Sold to Blackstone Feb 2026 (~18.5x). Prior sponsor Odyssey. Lex Cooling Heating Plumbing & Electrical (North Texas) add-on 2026-01-15.","1","Not reviewed","P4-012","","DISCOVERY — not primary-source verified",""
"Crete United","P4_PLATFORM","Charlotte","NC","creteunited.com","","commercial_hvac|commercial_mep|facilities_services|energy_services","TX","","yes","Ridgemont Equity Partners","T3","2024-03-19","https://www.threesixtyseven.com/wp-content/uploads/2025/09/US-Commercial-HVAC-Plumbing-Industry-Report-V2.pdf","","","DISCOVERY","https://www.threesixtyseven.com/wp-content/uploads/2025/09/US-Commercial-HVAC-Plumbing-Industry-Report-V2.pdf","2026-08-17","ProStar Energy Solutions (Frisco, TX) add-on. Ridgemont sale process reported late 2025 - T1 signal, deprioritize.","3","Not reviewed","P4-014","","DISCOVERY — not primary-source verified",""
"Del-Air","P4_PLATFORM","Sanford","FL","delair.com","","residential_hvac|residential_plumbing|residential_electrical","FL","","unknown","Astara Capital Partners","T3","2025","https://www.privsource.com/acquisitions/private-equity-backed-acquisitions/hvac-mechanical","","","DISCOVERY","https://www.privsource.com/acquisitions/private-equity-backed-acquisitions/hvac-mechanical","2026-08-17","FL residential trades. McGowan's and other add-ons.","3","Not reviewed","P4-015","","DISCOVERY — not primary-source verified",""
"Encore Fire Protection","P4_PLATFORM","Pawtucket","RI","encorefp.com","","fire_life_safety","","","unknown","Permira","T3","2025-03-01","https://dealseam.com/fire-life-safety-pe-rollup-tracker-2026","","","DISCOVERY","https://dealseam.com/fire-life-safety-pe-rollup-tracker-2026","2026-08-17","NE-anchored ITM. CONFLICT: sponsor named as Permira by one source, Berkshire Partners by another. Both carried.","2","Not reviewed","P4-017","","DISCOVERY — not primary-source verified",""
"Eskola Roofing & Waterproofing","P4_PLATFORM","Chattanooga","TN","eskola.com","","roofing","TX|NM|FL|SC","","yes","Eagle Merchant Partners","T3","2024-11-05","https://ctacquisitions.com/roofing-pe-rollup-tracker-2026/","","","DISCOVERY","https://ctacquisitions.com/roofing-pe-rollup-tracker-2026/","2026-08-17","22 locations. Frontier/BBG/Keating Nov 2024.","3","Not reviewed","P4-018","","DISCOVERY — not primary-source verified",""
"Founders Home Service Group","P4_PLATFORM","Overland Park","KS","","","residential_plumbing|residential_hvac|residential_electrical","KS","","unknown","Kompass Kapital","T3","2026-05-01","https://ctacquisitions.com/plumbing-pe-rollup-tracker-2026/","","","DISCOVERY","https://ctacquisitions.com/plumbing-pe-rollup-tracker-2026/","2026-08-17","AAA City Plumbing May 2026. Family-office-backed consolidator. Domain not verified.","1","Not reviewed","P4-022","","DISCOVERY — not primary-source verified",""
"Grizzly MEP","P4_PLATFORM","","","","","commercial_mep|commercial_hvac","VT","","unknown","Garnett Station Partners","T3","2025","https://www.privsource.com/acquisitions/private-equity-backed-acquisitions/hvac-mechanical","","","DISCOVERY","https://www.privsource.com/acquisitions/private-equity-backed-acquisitions/hvac-mechanical","2026-08-17","Vermont Mechanical partnership. HQ and domain not verified.","3","Not reviewed","P4-024","","DISCOVERY — not primary-source verified",""
"Guardian Fire Protection Services","P4_PLATFORM","Rockville","MD","guardianfire.com","","fire_life_safety","MD","","unknown","Knox Lane","T3","2025","https://dealseam.com/fire-life-safety-pe-rollup-tracker-2026","","","DISCOVERY","https://dealseam.com/fire-life-safety-pe-rollup-tracker-2026","2026-08-17","9 locations, 4 states, ~24,000 commercial customers. Harris Fire Protection add-on. DISTINCT from Guardian Fire Services (Investcorp).","3","Not reviewed","P4-025","","DISCOVERY — not primary-source verified",""
"Guardian Fire Services","P4_PLATFORM","Nashville","TN","","","fire_life_safety","TX","","yes","Investcorp","T3","2026-08-10","https://dealseam.com/fire-life-safety-pe-rollup-tracker-2026","","","DISCOVERY","https://dealseam.com/fire-life-safety-pe-rollup-tracker-2026","2026-08-17","~17 branches. Houston Fire & Security add-on Aug 2026 = Texas market entry. DISTINCT from Guardian Fire Protection Services (Knox Lane). Domain not verified.","1","Not reviewed","P4-026","","DISCOVERY — not primary-source verified",""
"Impact Climate Technologies","P4_PLATFORM","","","","","commercial_hvac","TX","","yes","Ardian","T3","2026-01-31","https://www.privsource.com/","","","DISCOVERY","https://www.privsource.com/","2026-08-17","Larry Wunsch & Associates (San Antonio) add-on Jan 2026. HQ and domain not verified.","1","Not reviewed","P4-027","","DISCOVERY — not primary-source verified",""
"Infinity Home Services","P4_PLATFORM","","","","","roofing","","26","unknown","Freeman Spogli / LightBay","T3","2025","https://ctacquisitions.com/roofing-pe-rollup-tracker-2026/","","","DISCOVERY","https://axiaadvisors.com/private-equity-roofing-platforms/","2026-08-17","26 portfolio roofing brands. HQ and domain not verified.","3","Not reviewed","P4-028","","DISCOVERY — not primary-source verified",""
"Kassel Mechanical Holdings","P4_PLATFORM","","TX","","","commercial_mep|fire_life_safety","TX","","yes","Paceline Equity Partners","T3","2025-04-10","https://www.abfjournal.com/","","","DISCOVERY","https://www.abfjournal.com/","2026-08-17","MEPF. Arrow Electric add-on Apr 2025 alongside $40M preferred equity. HQ city and domain not verified.","2","Not reviewed","P4-029","","DISCOVERY — not primary-source verified",""
"Legacy Service Partners","P4_PLATFORM","Tampa","FL","legacyservicepartners.com","$531M+ total capital raised","residential_hvac|residential_plumbing|residential_electrical","","","unknown","Gridiron Capital","T3","2025","https://ctacquisitions.com/guides/private-equity-hvac-2026/","Jake Sloane","Co-founder","DISCOVERY","https://ctacquisitions.com/guides/private-equity-hvac-2026/","2026-08-17","National, 19 states. Founded 2021.","3","Not reviewed","P4-030","ORG-072 | Legacy Service Partners (Gridiron Capital)","DISCOVERY — not primary-source verified",""
"Liberty Service Partners","P4_PLATFORM","Addison","TX","","","residential_hvac|residential_plumbing|residential_electrical","TX|FL","","yes","NorthCurrent Partners","T3","2026-04-01","https://www.capstonepartners.com/insights/article-hvac-services-ma-update/","","","DISCOVERY","https://www.prnewswire.com/news-releases/liberty-service-partners-expands-into-the-mid-atlantic-with-partnership-with-hvac--plumbing-unlimited-302749166.html","2026-08-17","Dallas-based. Arctic Breeze (Snidman) Apr 2026; HVAC & Plumbing Unlimited (Mid-Atlantic entry). Domain not verified.","1","Not reviewed","P4-031","","DISCOVERY — not primary-source verified",""
"Marmic Fire & Safety","P4_PLATFORM","Joplin","MO","marmic.com","","fire_life_safety","","","unknown","KKR","T3","2024-07-01","https://dealseam.com/fire-life-safety-pe-rollup-tracker-2026","","","DISCOVERY","https://dealseam.com/fire-life-safety-pe-rollup-tracker-2026","2026-08-17","Founded 1951. KKR from HGGC Jul 2024.","3","Not reviewed","P4-032","","DISCOVERY — not primary-source verified",""
"MechanAir","P4_PLATFORM","","","","","commercial_hvac|commercial_mep","VA","","unknown","Amalgam Capital / Delos Capital","T3","2024-10-01","https://www.axial.net/company/amalgam-capital-llc","","","DISCOVERY","https://www.axial.net/company/amalgam-capital-llc","2026-08-17","HVAC/mechanical platform formed from Core Mechanical, State Mechanical, Hampton Roads Mechanical. HQ and domain not verified.","3","Not reviewed","P4-033","","DISCOVERY — not primary-source verified",""
"Modigent","P4_PLATFORM","Phoenix","AZ","modigent.com","","commercial_hvac|commercial_mep|commercial_plumbing|building_automation","AZ|FL|TX","","yes","OMERS Private Equity","T3","2025-12-18","https://ctacquisitions.com/guides/private-equity-plumbing-2026/","Dan Bueschel","CEO","DISCOVERY","https://ctacquisitions.com/guides/private-equity-plumbing-2026/","2026-08-17","Southland Mechanical (Houston, Dec 2025); VMG Mechanical (Jul 2025).","1","Not reviewed","P4-034","","DISCOVERY — not primary-source verified",""
"Norlee Group","P4_PLATFORM","Tampa","FL","","","commercial_electrical|building_automation","FL","","unknown","Heartwood Partners","T3","2025-11-05","https://www.privsource.com/acquisitions/electrical-services/2025","","","DISCOVERY","https://www.privsource.com/acquisitions/electrical-services/2025","2026-08-17","Commercial electrical. Inter-Bay Electric (Tampa) Nov 2025. Domain not verified.","1","Not reviewed","P4-036","","DISCOVERY — not primary-source verified",""
"P3 Services","P4_PLATFORM","Seattle","WA","","","residential_plumbing|commercial_plumbing","WA|TX|FL|NC","","yes","Stellex Capital Management","T3","2025-03-04","https://ctacquisitions.com/plumbing-pe-rollup-tracker-2026/","","","DISCOVERY","https://ctacquisitions.com/plumbing-pe-rollup-tracker-2026/","2026-08-17","National plumbing/septic/rooter (Peltram base). Six 2024 acquisitions incl. Schrader Plumbing (Dallas). Domain not verified.","2","Not reviewed","P4-038","","DISCOVERY — not primary-source verified",""
"Paschal Air, Plumbing & Electric","P4_PLATFORM","Springdale","AR","","","residential_hvac|residential_plumbing|residential_electrical","AR|TX","","yes","","T3","2025","https://www.privsource.com/","","","DISCOVERY","https://www.privsource.com/","2026-08-17","JAK Services (Keller, TX / DFW) add-on 2025. Sponsor undisclosed. Domain not verified.","3","Not reviewed","P4-040","","DISCOVERY — not primary-source verified",""
"Pavion","P4_PLATFORM","Chantilly","VA","pavion.com","","fire_life_safety|building_automation","","","unknown","Wind Point Partners","T3","2025","https://ctacquisitions.com/guides/private-equity-platforms-by-sector-2026/","","","DISCOVERY","https://ctacquisitions.com/guides/private-equity-platforms-by-sector-2026/","2026-08-17","Fire/security/AV integration (formerly Corbett Technology Solutions).","3","Not reviewed","P4-041","","DISCOVERY — not primary-source verified",""
"PremiStar","P4_PLATFORM","Schaumburg","IL","premistar.com","","commercial_hvac|commercial_mep|building_automation","IL|PA|TX","","yes","Partners Group","T3","2025-07-01","https://www.privsource.com/acquisitions/private-equity-backed-acquisitions/hvac-mechanical","","","DISCOVERY","https://www.privsource.com/acquisitions/private-equity-backed-acquisitions/hvac-mechanical","2026-08-17","52 branches, 16 states, ~2,400 employees. Rabe Environmental (Jul 2025); Dahme Mechanical (Mar 2025); SI Mechanical (Creedmoor/Austin TX).","2","Not reviewed","P4-043","","DISCOVERY — not primary-source verified",""
"Pueblo Mechanical & Controls","P4_PLATFORM","Phoenix","AZ","pueblomech.com","","commercial_hvac|commercial_plumbing|building_automation","AZ|TX","","yes","OMERS Private Equity","T3","2025","https://ctacquisitions.com/guides/private-equity-plumbing-2026/","","","DISCOVERY","https://ctacquisitions.com/guides/private-equity-plumbing-2026/","2026-08-17","11 acquisitions. Climate Solutions (Austin), Evolution Mechanical (Dallas-area).","3","Not reviewed","P4-044","ORG-075 | Pueblo Mechanical & Controls (OMERS)","DISCOVERY — not primary-source verified",""
"Pye-Barker Fire & Safety","P4_PLATFORM","Alpharetta","GA","pyebarker.com","","fire_life_safety","TX","","yes","Altas Partners / Leonard Green","T3","2025-11-17","https://dealseam.com/fire-life-safety-pe-rollup-tracker-2026","","VP Business Development","DISCOVERY","https://dealseam.com/fire-life-safety-pe-rollup-tracker-2026","2026-08-17","~9,000 employees, 47 states. Most acquisitive fire platform. FSD Protection (Houston), AAA Fire Extinguisher (Lubbock), Texas Homeland Security & Sound. Large in-house BD.","1","Not reviewed","P4-045","","DISCOVERY — not primary-source verified",""
"RapidFire Safety & Security","P4_PLATFORM","","","","","fire_life_safety|commercial_electrical","CA|TX","","yes","Concentric Equity Partners","T3","2025-01-15","https://www.privsource.com/acquisitions/electrical-services/2025","","","DISCOVERY","https://www.privsource.com/acquisitions/electrical-services/2025","2026-08-17","Fire/life safety/low-voltage. Tri-X (San Dimas, CA); All Source Fire Protection (Kerrville, TX).","3","Not reviewed","P4-047","","DISCOVERY — not primary-source verified",""
"Redwood Services","P4_PLATFORM","Memphis","TN","redwoodservices.com","~$1.1B valuation (2025-05)","residential_hvac|residential_plumbing|residential_electrical","WI|IN|CA","","unknown","Altas Partners","T3","2025-04-07","https://ctacquisitions.com/guides/private-equity-hvac-2026/","","","DISCOVERY","https://ctacquisitions.com/guides/private-equity-hvac-2026/","2026-08-17","Partnership model, 35+ acquisitions. CONFLICT: sponsor named as Altas by one source, Sun Capital by another. Both carried.","2","Not reviewed","P4-048","ORG-076 | Redwood Services (Altas Partners)","DISCOVERY — not primary-source verified",""
"Reliable Residential (Franchise Equity Partners)","P4_PLATFORM","","","","","residential_hvac|other","TX","","yes","Franchise Equity Partners","T3","2025-12-15","https://www.privsource.com/","","","DISCOVERY","https://www.privsource.com/","2026-08-17","ACG Smith Texas (Precision Garage Door, DFW + Palo Pinto) Dec 2025. HQ and domain not verified.","1","Not reviewed","P4-050","","DISCOVERY — not primary-source verified",""
"Sciens Building Solutions","P4_PLATFORM","New York","NY","sciensbuildingsolutions.com","","fire_life_safety|building_automation","TX","","yes","The Carlyle Group","T3","2025","https://dealseam.com/fire-life-safety-pe-rollup-tracker-2026","","","DISCOVERY","https://dealseam.com/fire-life-safety-pe-rollup-tracker-2026","2026-08-17","National fire detection/alarm integrator, 10+ divisions incl. Texas. Huron Capital minority.","3","Not reviewed","P4-051","","DISCOVERY — not primary-source verified",""
"Seacoast Service Partners","P4_PLATFORM","","","","","residential_plumbing|commercial_hvac|residential_hvac","FL","","unknown","White Wolf Capital","T3","2025","https://www.privsource.com/acquisitions/private-equity-backed-acquisitions/hvac-mechanical","","","DISCOVERY","https://www.privsource.com/acquisitions/private-equity-backed-acquisitions/hvac-mechanical","2026-08-17","FL plumbing/HVAC/refrigeration. Always Air Services add-on. HQ and domain not verified.","3","Not reviewed","P4-052","","DISCOVERY — not primary-source verified",""
"Service Logic","P4_PLATFORM","Charlotte","NC","servicelogic.com","","commercial_hvac|commercial_mep|building_automation","","","unknown","Bain Capital / Mubadala","T3","2025-12-16","https://ctacquisitions.com/guides/private-equity-hvac-2026/","","","DISCOVERY","https://ctacquisitions.com/guides/private-equity-hvac-2026/","2026-08-17","140+ locations, 5,000+ technicians. Bain took control Dec 2025.","1","Not reviewed","P4-053","","DISCOVERY — not primary-source verified",""
"Sila Services","P4_PLATFORM","King of Prussia","PA","silaservices.com","~$1.7B / ~17x reported (not SEC-filed)","residential_hvac|residential_plumbing|residential_electrical","","","unknown","Goldman Sachs Alternatives","T3","2024-11-10","https://ctacquisitions.com/guides/private-equity-hvac-2026/","","","DISCOVERY","https://ctacquisitions.com/guides/private-equity-hvac-2026/","2026-08-17","NE/Mid-Atlantic/Midwest. Recapped Nov 2024 - fresh capital plus integration mandate.","3","Not reviewed","P4-054","","DISCOVERY — not primary-source verified",""
"Summit Companies","P4_PLATFORM","St. Paul","MN","summitcompanies.com","","fire_life_safety","","","unknown","BDT & MSD Partners","T3","2025-08-01","https://dealseam.com/fire-life-safety-pe-rollup-tracker-2026","","","DISCOVERY","https://dealseam.com/fire-life-safety-pe-rollup-tracker-2026","2026-08-17","37 states. Performance Systems Integration Aug 2025. Sponsor changed to BDT & MSD Aug 2025.","2","Not reviewed","P4-056","","DISCOVERY — not primary-source verified",""
"Tejas Completion Services","P4_PLATFORM","Midland","TX","","","energy_services","TX","","yes","Voyager Interests","T3","2025-03-17","https://www.businesswire.com/","TJ Dostal","CEO","DISCOVERY","https://voyagerinterests.com/","2026-08-17","Specialty pumping. Majority investment Mar 2025. Domain not verified.","2","Not reviewed","P4-060","","DISCOVERY — not primary-source verified",""
"The Mechanical Group","P4_PLATFORM","","","","","commercial_hvac","NV|CA|TX","","yes","Sound Partners / Calico Group","NONE","","https://www.privsource.com/acquisitions/hvac-mechanical/state/nevada","","","DISCOVERY","https://www.privsource.com/acquisitions/hvac-mechanical/state/nevada","2026-08-17","SW HVAC-R from Tradewinds Mechanical (Las Vegas), S&R Air Conditioning (LA), Climate Specialists (Austin). trigger_date not established.","3","Not reviewed","P4-061","","DISCOVERY — not primary-source verified",""
"The Perfect Light","P4_PLATFORM","Farmers Branch","TX","","","commercial_electrical|other","TX","","yes","Argonne Capital Group","T3","2025-10-03","https://www.privsource.com/","","","DISCOVERY","https://www.privsource.com/","2026-08-17","Premier Lighting Enterprises (Van Alstyne, TX) add-on Oct 2025. Domain not verified.","1","Not reviewed","P4-062","","DISCOVERY — not primary-source verified",""
"Wrench Group","P4_PLATFORM","Marietta","GA","wrenchgroup.com","","residential_hvac|residential_plumbing|residential_electrical","","","unknown","Leonard Green & Partners","T3","2024-02-01","https://ctacquisitions.com/guides/private-equity-plumbing-2026/","","","DISCOVERY","https://ctacquisitions.com/guides/private-equity-plumbing-2026/","2026-08-17","25 brands, 27 markets, 14 states. $1.3B refi Sept 2025 (M&A capacity).","3","Not reviewed","P4-066","","DISCOVERY — not primary-source verified",""
