account_name,account_type,hq_city,hq_state,website_domain,fund_or_aum,verticals_active,states_active,platform_count,texas_exposure,sponsor_parent,trigger_type,trigger_date,trigger_source_url,contact_name,contact_title,verification,primary_source_url,last_checked,notes,tier,stage,source_key
AE Industrial Partners,P1_PE,Boca Raton,FL,aeroequity.com,,fire_life_safety|commercial_hvac|commercial_mep,GA|TX,2,yes,,T3,2026-01-20,https://www.businesswire.com/news/home/20260120089736/en/,Bryan McElwee,Partner,VERIFIED,https://www.businesswire.com/news/home/20260120089736/en/,2026-08-17,"United Building Solutions (DFW Mechanical, Wylie TX, Jan 2026); Altus Fire and Life Safety.",2,Not reviewed,P1-001
Agellus Capital,P1_PE,St. Louis,MO,,,fire_life_safety,TX,1,yes,,T3,2025-02-26,https://www.privsource.com/,,,DISCOVERY,https://www.privsource.com/,2026-08-17,"Bluejack Fire & Life Safety, HQ Houston TX. Platform formed Feb 2025; Orcus add-on Mar 2025. Newer platform - higher likely origination need.",2,Not reviewed,P1-002
Align Capital Partners,P1_PE,Cleveland,OH,aligncp.com,$770M Fund IV final close 2026-06-15; ~$1.1B+ incl. Collaborate Fund II,facilities_services|industrial_services,TX,0,yes,,T2,2026-06-15,https://www.businesswire.com/,,Head of Business Development,VERIFIED,https://aligncp.com/,2026-08-17,Dallas office. 40 platforms / 145 add-ons since 2016. Open BD VP role = T5 signal alongside T2.,2,Not reviewed,P1-003
Alpine Investors,P1_PE,San Francisco,CA,alpine-investors.com,"$18.8B AUM (Alpine, 2026-02-11)",residential_hvac|residential_plumbing|residential_electrical|roofing|commercial_hvac,,4,unknown,,T3,2025-01-01,,,,VERIFIED,https://ctacquisitions.com/guides/private-equity-hvac-2026/,2026-08-17,"Most active HVAC sponsor. Backs Apex, Vertex, Astra/Orion. Offices SF/NY/Austin.",3,Not reviewed,P1-004
Altas Partners,P1_PE,Toronto,,altas.com,,residential_hvac|roofing|fire_life_safety,,3,unknown,,T3,2025-05-08,,,,DISCOVERY,https://ctacquisitions.com/guides/private-equity-hvac-2026/,2026-08-17,"Canada-HQ, US-active. Redwood (~$1.1B), Tecta America, co-owns Pye-Barker. hq_state blank: non-US.",2,Not reviewed,P1-005
Apax Partners,P1_PE,New York,NY,apax.com,,residential_hvac|residential_plumbing|fire_life_safety,,1,unknown,,NONE,,,,,DISCOVERY,https://ctacquisitions.com/guides/private-equity-hvac-2026/,2026-08-17,"Owns Authority Brands (home-services franchisor), acquired 2018.",3,Not reviewed,P1-006
Apollo Global Management,P1_PE,New York,NY,apollo.com,,residential_hvac|residential_plumbing|residential_electrical,,1,unknown,,T3,2026-05-28,https://profitabilitypartners.io/home-services-private-equity-acquirers/,,,DISCOVERY,https://profitabilitypartners.io/home-services-private-equity-acquirers/,2026-08-17,"CONFLICT: Apollo release (2026-05-28) states minority interest in Apex alongside Alpine, $10B valuation; some 2025 trade press dated deal earlier. Both carried.",2,Not reviewed,P1-007
Ardian,P1_PE,New York,NY,ardian.com,,commercial_hvac,TX,1,yes,,T3,2026-01-31,https://www.privsource.com/,,,DISCOVERY,https://www.privsource.com/,2026-08-17,Impact Climate Technologies platform; Larry Wunsch & Associates (San Antonio) add-on Jan 2026.,2,Not reviewed,P1-008
Audax Private Equity,P1_PE,Boston,MA,,,roofing,,1,unknown,,NONE,,,,,DISCOVERY,https://ctacquisitions.com/roofing-pe-rollup-tracker-2026/,2026-08-17,Backs CentiMark (commercial roofing). Domain left blank - not verified.,3,Not reviewed,P1-009
Bain Capital,P1_PE,Boston,MA,baincapital.com,,commercial_hvac|commercial_mep|building_automation|roofing,,1,unknown,,T3,2025-12-16,https://ctacquisitions.com/guides/private-equity-hvac-2026/,,,DISCOVERY,https://ctacquisitions.com/guides/private-equity-hvac-2026/,2026-08-17,Acquired Service Logic with Mubadala from Leonard Green.,2,Not reviewed,P1-010
BDT & MSD Partners,P1_PE,Chicago,IL,bdtmsd.com,,fire_life_safety,MN,1,unknown,,T3,2025-08-01,https://dealseam.com/fire-life-safety-pe-rollup-tracker-2026,,,DISCOVERY,https://dealseam.com/fire-life-safety-pe-rollup-tracker-2026,2026-08-17,Acquired Summit Companies from BlackRock LTPC Aug 2025.,2,Not reviewed,P1-011
Berkshire Partners,P1_PE,Boston,MA,berkshirepartners.com,,fire_life_safety,,1,unknown,,NONE,,,,,DISCOVERY,https://ctacquisitions.com/guides/private-equity-platforms-by-sector-2026/,2026-08-17,"CONFLICT: named as Encore Fire owner by one source, Permira by another. Both carried.",3,Not reviewed,P1-012
Bernhard Capital Partners,P1_PE,Baton Rouge,LA,bernhardcapital.com,"~$6B AUM (BCP, 2026)",energy_services|utility_services,TX,2,yes,,T3,2026-08-12,https://www.businesswire.com/news/home/20260812343122/en/,Mark Spender,Partner,VERIFIED,https://www.bernhardcapital.com/bcp-backed-united-utility-services-completes-acquisition-of-bhi-power-delivery/,2026-08-17,"TechServ (Tyler, TX) platform Jun 2025, 850+ employees, 21 states. Formed United Utility (sold to Sandbrook); Optimum Energy Co.",2,Not reviewed,P1-013
Blackstone,P1_PE,New York,NY,blackstone.com,,residential_hvac|residential_plumbing|fire_life_safety,,2,unknown,,T3,2026-02-17,https://ctacquisitions.com/guides/private-equity-hvac-2026/,,,DISCOVERY,https://ctacquisitions.com/guides/private-equity-hvac-2026/,2026-08-17,Champions Group via BXPE (~$2.5B/~18.5x); AI Fire acquired Feb 2025.,2,Not reviewed,P1-014
Brightstar Capital Partners,P1_PE,New York,NY,brightstarcap.com,,roofing,TN,1,unknown,,T3,2024-08-07,https://ctacquisitions.com/roofing-pe-rollup-tracker-2026/,Wayne Holloway,Best Choice Roofing CEO,DISCOVERY,https://ctacquisitions.com/roofing-pe-rollup-tracker-2026/,2026-08-17,"Best Choice Roofing (TN; 85+ locations, 24 states).",3,Not reviewed,P1-015
Carousel Capital,P1_PE,Charlotte,NC,carouselcapital.com,,roofing,CO|TX|GA|SC,1,yes,,T3,2025-10-01,https://ctacquisitions.com/roofing-pe-rollup-tracker-2026/,,,DISCOVERY,https://ctacquisitions.com/roofing-pe-rollup-tracker-2026/,2026-08-17,Merged covR + United Roofing Oct 2025.,2,Not reviewed,P1-016
CCMP Growth,P1_PE,New York,NY,ccmpgrowth.com,,roofing,,1,unknown,,T3,2025-01-01,https://ctacquisitions.com/roofing-pe-rollup-tracker-2026/,,,DISCOVERY,https://ctacquisitions.com/roofing-pe-rollup-tracker-2026/,2026-08-17,Backs Omnia Exterior Solutions.,3,Not reviewed,P1-017
Concentric Equity Partners,P1_PE,Chicago,IL,concentricequity.com,,fire_life_safety|commercial_electrical,CA,1,unknown,,T3,2025-01-01,https://www.privsource.com/acquisitions/electrical-services/2025,,,DISCOVERY,https://www.privsource.com/acquisitions/electrical-services/2025,2026-08-17,Backs RapidFire Safety & Security; Tri-X (CA).,3,Not reviewed,P1-018
Eagle Merchant Partners,P1_PE,Atlanta,GA,eaglemerchant.com,,roofing,TX|NM|FL|SC,1,yes,,T3,2024-11-05,https://ctacquisitions.com/roofing-pe-rollup-tracker-2026/,,,DISCOVERY,https://ctacquisitions.com/roofing-pe-rollup-tracker-2026/,2026-08-17,Eskola Roofing & Waterproofing (22 locations).,3,Not reviewed,P1-019
Freeman Spogli & Co.,P1_PE,Los Angeles,CA,freemanspogli.com,,roofing,,1,unknown,,T3,2025-01-01,https://ctacquisitions.com/roofing-pe-rollup-tracker-2026/,,,DISCOVERY,https://ctacquisitions.com/roofing-pe-rollup-tracker-2026/,2026-08-17,Co-backs Infinity Home Services (26 brands) with LightBay.,3,Not reviewed,P1-020
Garnett Station Partners,P1_PE,New York,NY,garnettstation.com,,commercial_mep|commercial_hvac,VT,1,unknown,,T3,2025-01-01,,,,DISCOVERY,https://www.privsource.com/acquisitions/private-equity-backed-acquisitions/hvac-mechanical,2026-08-17,Backs Grizzly MEP; Vermont Mechanical partnership.,3,Not reviewed,P1-021
Goldman Sachs Alternatives,P1_PE,New York,NY,goldmansachs.com,,residential_hvac|residential_plumbing|residential_electrical,,1,unknown,,T3,2024-11-10,,,,VERIFIED,https://ctacquisitions.com/guides/private-equity-hvac-2026/,2026-08-17,Nov 2024 majority recap of Sila from Morgan Stanley Capital Partners; reported ~$1.7B / ~17x.,3,Not reviewed,P1-022
Greenbelt Capital Partners,P1_PE,Austin,TX,greenbeltcap.com,,utility_services|energy_services,CO,1,yes,,T3,2026-03-11,https://www.orix.com/deals/greenbelt-capital-partners-agrees-to-acquire-peak-utility-services-group-from-orix-capital-partners/,Chris Murphy,Partner,VERIFIED,https://www.orix.com/deals/greenbelt-capital-partners-agrees-to-acquire-peak-utility-services-group-from-orix-capital-partners/,2026-08-17,Definitive agreement to acquire Peak Utility Services from ORIX.,2,Not reviewed,P1-023
Gridiron Capital,P1_PE,New Canaan,CT,gridironcapital.com,,residential_hvac|residential_plumbing|residential_electrical|roofing,,2,unknown,,T3,2023-01-18,,Jake Sloane,LSP Co-founder,DISCOVERY,https://ctacquisitions.com/guides/private-equity-hvac-2026/,2026-08-17,"Legacy Service Partners (Tampa, 19 states); Leaf Home/Erie Home.",3,Not reviewed,P1-024
Gryphon Investors,P1_PE,San Francisco,CA,gryphoninvestors.com,,fire_life_safety,CA,1,unknown,,NONE,,,,,DISCOVERY,https://dealseam.com/fire-life-safety-pe-rollup-tracker-2026,2026-08-17,"Consolidated Fire Protection (Cosco/Firetrol), Western US.",3,Not reviewed,P1-025
Hastings Equity Partners,P1_PE,Boston,MA,hastingsequity.com,,commercial_electrical|energy_services,WA,1,unknown,,T3,2025-04-16,https://www.cbinsights.com/company/mkd-electric,,,DISCOVERY,https://www.cbinsights.com/company/mkd-electric,2026-08-17,Backs MKD Electric; Sea-Tac Electric Apr 2025.,2,Not reviewed,P1-026
Heartwood Partners,P1_PE,Norwalk,CT,heartwoodpartners.com,,commercial_electrical|building_automation,FL,1,unknown,,T3,2025-11-05,https://www.privsource.com/acquisitions/electrical-services/2025,,,DISCOVERY,https://www.privsource.com/acquisitions/electrical-services/2025,2026-08-17,Backs Norlee Group; Inter-Bay Electric Nov 2025.,2,Not reviewed,P1-027
Hidden Harbor Capital Partners,P1_PE,Fort Lauderdale,FL,hiddenharborcap.com,,residential_hvac|residential_plumbing,TN,1,unknown,,T3,2025-01-01,,,,DISCOVERY,https://www.privsource.com/acquisitions/private-equity-backed-acquisitions/hvac-mechanical,2026-08-17,"Backs Air Conditioning Specialist (ACS), TN.",3,Not reviewed,P1-028
Highview Capital,P1_PE,Los Angeles,CA,highviewcapital.com,,fire_life_safety,,1,unknown,,T3,2025-08-01,https://highviewcapital.com/portfolio/national-fire-safety/,,,VERIFIED,https://highviewcapital.com/portfolio/national-fire-safety/,2026-08-17,National Fire & Safety (7 Western states).,2,Not reviewed,P1-029
Huron Capital,P1_PE,Detroit,MI,huroncapital.com,,commercial_hvac|commercial_mep|building_automation|commercial_electrical|roofing,,3,unknown,,T3,2024-07-23,https://www.businesswire.com/news/home/20240723945976/en/,Cale Kaczmarek,Principal,VERIFIED,https://www.huroncapital.com/news/huron-capital-launches-rampart-exterior-servicestm-to-provide-commercial-roofing-and-exterior-services/,2026-08-17,"ExecFactor buy-and-build. Exigent, Rampart Exterior, RK Electric/Criticore.",3,Not reviewed,P1-030
IMB Partners,P1_PE,Bethesda,MD,imbpartners.com,,utility_services|commercial_electrical,PA,2,unknown,,T3,2026-07-01,https://middlemarketgrowth.org/pe-weekly-july-10-16-2026/,Tarrus Richardson,Founder & CEO,VERIFIED,https://www.businesswire.com/news/home/20220315005268/en/,2026-08-17,Utility/govt services. Carr & Duff (2022); Strategic Land Services (2026); Farwest Corrosion.,2,Not reviewed,P1-031
Imperial Capital,P1_PE,Toronto,,imperialcap.com,,roofing|residential_hvac,,2,unknown,,T3,2025-01-01,https://ctacquisitions.com/roofing-pe-rollup-tracker-2026/,,,DISCOVERY,https://ctacquisitions.com/roofing-pe-rollup-tracker-2026/,2026-08-17,Skyline Roofing Partners; sold Frontier Service Partners to Apex Jan 2024. hq_state blank: non-US.,3,Not reviewed,P1-032
Investcorp,P1_PE,New York,NY,investcorp.com,,fire_life_safety,TN,1,unknown,,T3,2025-12-01,https://dealseam.com/fire-life-safety-pe-rollup-tracker-2026,,,DISCOVERY,https://dealseam.com/fire-life-safety-pe-rollup-tracker-2026,2026-08-17,Acquired Guardian Fire Services (Nashville) Dec 2025.,2,Not reviewed,P1-033
KKR,P1_PE,New York,NY,kkr.com,,residential_hvac|residential_plumbing|fire_life_safety|landscaping,,3,unknown,,T3,2025-01-01,,,,DISCOVERY,https://dealseam.com/fire-life-safety-pe-rollup-tracker-2026,2026-08-17,Neighborly (Q1 2025); Marmic Fire (from HGGC Jul 2024); co-backs BrightView.,3,Not reviewed,P1-034
Knox Lane,P1_PE,San Francisco,CA,knoxlane.com,,fire_life_safety,MD,1,unknown,,T3,2024-01-01,https://dealseam.com/fire-life-safety-pe-rollup-tracker-2026,,,DISCOVERY,https://dealseam.com/fire-life-safety-pe-rollup-tracker-2026,2026-08-17,Majority owner Guardian Fire Protection Services (MD) since Jan 2024.,3,Not reviewed,P1-035
L Squared Capital Partners,P1_PE,Newport Beach,CA,lsquaredcap.com,"$2B+ AUM (L Squared, 2026)",building_automation,IN,1,unknown,,T3,2026-02-24,https://www.businesswire.com/news/home/20260224862543/en/,,,VERIFIED,https://www.businesswire.com/news/home/20260224862543/en/,2026-08-17,Functional Devices (building automation controls). Actively pursuing add-ons.,2,Not reviewed,P1-036
Leonard Green & Partners,P1_PE,Los Angeles,CA,leonardgreen.com,,residential_hvac|commercial_hvac|fire_life_safety,,3,unknown,,T3,2025-12-01,,,,DISCOVERY,https://ctacquisitions.com/guides/private-equity-hvac-2026/,2026-08-17,Wrench Group; co-owns Pye-Barker. Sold Service Logic to Bain Dec 2025.,2,Not reviewed,P1-037
LightBay Capital,P1_PE,Los Angeles,CA,lightbaycapital.com,,roofing,,1,unknown,,T3,2025-01-01,https://ctacquisitions.com/roofing-pe-rollup-tracker-2026/,,,DISCOVERY,https://ctacquisitions.com/roofing-pe-rollup-tracker-2026/,2026-08-17,Co-backs Infinity Home Services with Freeman Spogli.,3,Not reviewed,P1-038
MFG Partners,P1_PE,New York,NY,mfgpartners.com,,commercial_electrical|utility_services,CO|OH,2,unknown,,T3,2025-11-18,https://www.businesswire.com/news/home/20251118389583/en/,Jeff Mizrahi,Partner,VERIFIED,https://www.businesswire.com/news/home/20251118389583/en/,2026-08-17,Regency Electric (Denver); CST Utilities (OH). Fund vs fundless status not disclosed.,2,Not reviewed,P1-039
MSD Partners,P1_PE,New York,NY,msdpartners.com,,landscaping,,1,unknown,,NONE,,,,,DISCOVERY,https://ctacquisitions.com/guides/landscaping-ma-multiples-2026/,2026-08-17,Backs Yellowstone Landscape.,3,Not reviewed,P1-040
New Water Capital,P1_PE,Boca Raton,FL,newwatercap.com,,landscaping,,1,unknown,,NONE,,,,,DISCOVERY,https://ctacquisitions.com/guides/landscaping-ma-multiples-2026/,2026-08-17,Backs Sperber Landscape Companies.,3,Not reviewed,P1-041
OMERS Private Equity,P1_PE,New York,NY,omers.com,,commercial_hvac|commercial_plumbing|building_automation|residential_hvac,AZ|TX,2,yes,,T3,2022-08-05,,,,DISCOVERY,https://ctacquisitions.com/guides/private-equity-plumbing-2026/,2026-08-17,"Pueblo Mechanical (2022); Modigent; TurnPoint. TX add-ons: Climate Solutions (Austin), Evolution Mechanical (Dallas-area).",3,Not reviewed,P1-042
One Rock Capital Partners,P1_PE,New York,NY,onerockcapital.com,,landscaping|facilities_services,,1,unknown,,T3,2024-08-01,https://ctacquisitions.com/ma-advisor-for-landscaping-business/,,,DISCOVERY,https://ctacquisitions.com/ma-advisor-for-landscaping-business/,2026-08-17,Take-private of BrightView (with KKR) announced Aug 2024.,3,Not reviewed,P1-043
ORIX Capital Partners,P1_PE,New York,NY,orix.com,,utility_services|energy_services,TX,0,yes,,T3,2025-04-11,https://www.orix.com/deals/greenbelt-capital-partners-agrees-to-acquire-peak-utility-services-group-from-orix-capital-partners/,Matt Scullion,Managing Director,VERIFIED,https://www.orix.com/deals/greenbelt-capital-partners-agrees-to-acquire-peak-utility-services-group-from-orix-capital-partners/,2026-08-17,"Peak Utility incl. 5 Star Electric (DFW, ~$108.7M per SEC 8-K) and Superior Pipeline (Fort Worth). Selling Peak to Greenbelt.",2,Not reviewed,P1-044
Paceline Equity Partners,P1_PE,Dallas,TX,,,commercial_mep|fire_life_safety,TX,1,yes,,T3,2025-04-10,https://www.abfjournal.com/,,,DISCOVERY,https://www.abfjournal.com/,2026-08-17,Kassel Mechanical Holdings: $40M preferred equity + Arrow Electric add-on. Domain not verified.,2,Not reviewed,P1-045
Percheron Capital,P1_PE,San Francisco,CA,percheron.com,,fire_life_safety|residential_hvac|residential_plumbing,TX,2,yes,,T2,2025-11-01,https://dealseam.com/fire-life-safety-pe-rollup-tracker-2026,,,DISCOVERY,https://dealseam.com/fire-life-safety-pe-rollup-tracker-2026,2026-08-17,"Launched ASPYRE Fire Nov 2025; TurnPoint HVAC (2023); McWilliams & Son (Lufkin, TX) platform 2022.",2,Not reviewed,P1-046
Permira,P1_PE,Menlo Park,CA,permira.com,,fire_life_safety,RI,1,unknown,,T3,2025-03-01,https://dealseam.com/fire-life-safety-pe-rollup-tracker-2026,,,DISCOVERY,https://dealseam.com/fire-life-safety-pe-rollup-tracker-2026,2026-08-17,Acquired Encore Fire Protection Mar 2025. CONFLICT: Berkshire Partners named as Encore owner by another source. Both carried.,2,Not reviewed,P1-047
Platte River Equity,P1_PE,Denver,CO,platteriverequity.com,,building_automation|commercial_electrical|utility_services,TX|NC,2,yes,,T3,2026-01-14,https://www.privsource.com/acquisitions/deal/platte-river-equity-acquires-building-controls-solutions-wySvlo,Mark Brown,Managing Director,VERIFIED,https://platteriverequity.com/platte-river-equity-announces-the-acquisition-of-building-controls-solutions/,2026-08-17,Building Controls & Solutions (Dallas); Team UIS (Jan 2026).,2,Not reviewed,P1-048
Ridgemont Equity Partners,P1_PE,Charlotte,NC,ridgemontep.com,,commercial_hvac|commercial_mep|facilities_services,,1,unknown,,T3,2022-06-01,,,,DISCOVERY,https://www.threesixtyseven.com/wp-content/uploads/2025/09/US-Commercial-HVAC-Plumbing-Industry-Report-V2.pdf,2026-08-17,Backs Crete United since June 2022. Sale process reported late 2025 (T1 signal).,3,Not reviewed,P1-049
Sandbrook Capital,P1_PE,Stamford,CT,sandbrook.com,,utility_services|energy_services,,1,unknown,,T3,2025-12-01,https://www.sandbrook.com/news/sandbrook-announces-acquisition-of-united-utility-services,Colt Moedl,United Utility CEO,VERIFIED,https://www.sandbrook.com/news/sandbrook-announces-acquisition-of-united-utility-services,2026-08-17,"Acquired United Utility (grid infra) from Bernhard, with Blackstone Credit.",2,Not reviewed,P1-050
Shore Capital Partners,P1_PE,Chicago,IL,shorecp.com,,residential_hvac|residential_plumbing|commercial_mep,FL,1,unknown,,T3,2025-01-01,,,,DISCOVERY,https://www.privsource.com/acquisitions/private-equity-backed-acquisitions/hvac-mechanical,2026-08-17,"Growth partnership with Comfort Temp (Gainesville, FL).",3,Not reviewed,P1-051
SkyKnight Capital,P1_PE,San Francisco,CA,skyknightcapital.com,,commercial_hvac|commercial_mep|commercial_electrical,TX,1,yes,,T3,2023-02-01,https://www.achrnews.com/articles/152616-skyknight-capital-launches-firstcall-mechanical-group-with-three-acquisitions,Evan Eachus,FirstCall Founder & CEO,VERIFIED,https://www.achrnews.com/articles/152616-skyknight-capital-launches-firstcall-mechanical-group-with-three-acquisitions,2026-08-17,"Launched FirstCall Mechanical Group (Austin, TX).",3,Not reviewed,P1-052
Stellex Capital Management,P1_PE,New York,NY,stellex.com,,residential_plumbing|commercial_plumbing|commercial_electrical,TX|WA|FL|NC|SC,2,yes,,T3,2022-01-01,,,,DISCOVERY,https://ctacquisitions.com/plumbing-pe-rollup-tracker-2026/,2026-08-17,P3 Services (Peltram) Jan 2022; ICS Holding.,3,Not reviewed,P1-053
Sun Capital Partners,P1_PE,Boca Raton,FL,suncappart.com,,residential_hvac|roofing,,2,unknown,,T3,2025-01-01,,,,DISCOVERY,https://ctacquisitions.com/roofing-pe-rollup-tracker-2026/,2026-08-17,"Latite Roofing Jan 2025. CONFLICT: named as Redwood sponsor by one source, Altas by another. Both carried.",3,Not reviewed,P1-054
The Carlyle Group,P1_PE,Washington,DC,carlyle.com,,fire_life_safety,,1,unknown,,NONE,,,,,DISCOVERY,https://dealseam.com/fire-life-safety-pe-rollup-tracker-2026,2026-08-17,Majority owner Sciens Building Solutions since Dec 2021.,3,Not reviewed,P1-055
The Riverside Company,P1_PE,New York,NY,riversidecompany.com,,residential_hvac|residential_plumbing|residential_electrical,TX|CO|WA|ID|NM,1,yes,,T3,2025-01-01,,,,DISCOVERY,https://ctacquisitions.com/plumbing-pe-rollup-tracker-2026/,2026-08-17,T3 Services Group.,3,Not reviewed,P1-056
The Sterling Group,P1_PE,Houston,TX,sterling-group.com,,commercial_mep|residential_plumbing|residential_electrical,TX,1,yes,,T3,2024-11-01,https://sterling-group.com/,Greg Elliott,Partner,VERIFIED,https://sterling-group.com/,2026-08-17,"L&S Mechanical (Richardson, TX), residential tri-trade MEP new construction, held in Fund IV. QECC add-on Nov 2024.",3,Not reviewed,P1-057
Trinity Hunt Partners,P1_PE,Dallas,TX,trinityhunt.com,,residential_hvac|commercial_hvac|energy_services,TX,1,yes,,T2,2026-02-04,https://www.businesswire.com/news/home/20260204186977/en/,,,VERIFIED,https://www.businesswire.com/news/home/20260204186977/en/,2026-08-17,Backs Averon Group (national HVAC distribution).,2,Not reviewed,P1-058
Trivest Partners,P1_PE,Miami,FL,trivest.com,"~$6B AUM (Trivest, 2026)",landscaping,,1,unknown,,NONE,,,,,DISCOVERY,https://bluwave.net/pe-awards,2026-08-17,Founder-focused; Aspen Grove Landscape Group.,3,Not reviewed,P1-059
Voyager Interests,P1_PE,Houston,TX,voyagerinterests.com,,energy_services,TX,1,yes,,T3,2025-03-17,https://www.businesswire.com/,Robert Trainer,Partner,VERIFIED,https://voyagerinterests.com/,2026-08-17,"Tejas Completion Services (Midland, TX), specialty pumping. Majority investment Mar 2025.",2,Not reviewed,P1-060
White Wolf Capital,P1_PE,Miami,FL,whitewolfcapital.com,,residential_plumbing|commercial_hvac|residential_hvac,FL,1,unknown,,T3,2025-01-01,,,,DISCOVERY,https://www.privsource.com/acquisitions/private-equity-backed-acquisitions/hvac-mechanical,2026-08-17,Backs Seacoast Service Partners (FL).,3,Not reviewed,P1-061
Wind Point Partners,P1_PE,Chicago,IL,windpointpartners.com,,fire_life_safety|building_automation,,1,unknown,,NONE,,,,,DISCOVERY,https://ctacquisitions.com/guides/private-equity-platforms-by-sector-2026/,2026-08-17,Backs Pavion (fire/security/AV).,3,Not reviewed,P1-062
Aeonic Partners,P2_FAMILY_OFFICE,,,,,industrial_services,,11,unknown,,NONE,,,,,DISCOVERY,https://www.axial.net/company/aeonic-partners,2026-08-17,"Buy-and-hold family office. Pro-Vigil (security), Health & Safety Institute.",3,Not reviewed,P2-001
Anchor Investments,P2_FAMILY_OFFICE,,,,,industrial_services,,,unknown,,NONE,,,,,DISCOVERY,https://ctacquisitions.com/guides/family-offices-acquiring-businesses-2026/,2026-08-17,Family office specializing in manufacturing/metal fabrication.,3,Not reviewed,P2-002
Applied Value Group,P2_FAMILY_OFFICE,,,,,industrial_services|energy_services,,8,unknown,,T3,2025-01-01,https://www.axial.net/company/applied-value-group,,,DISCOVERY,https://www.axial.net/company/applied-value-group,2026-08-17,"~25 private investments. ES Solar, Structural Steel of Carolina.",3,Not reviewed,P2-003
BlueAlpha Capital,P2_FAMILY_OFFICE,Southlake,TX,,,other,TX,7,yes,,NONE,,,,,DISCOVERY,https://www.axial.net/company/bluealpha-capital-single-family-office,2026-08-17,"SFO (Sanjay Chandra Family, est. 2006); buyout/growth/RE/credit.",3,Not reviewed,P2-004
Brandsma Asset Management,P2_FAMILY_OFFICE,,,,,other,,1,unknown,,NONE,,,,,DISCOVERY,https://www.axial.net/company/brandsma-asset-management,2026-08-17,SFO est. 2018 after family-business sale; 15+ investments.,3,Not reviewed,P2-005
Carlin Capital Partners,P2_FAMILY_OFFICE,,,,,industrial_services,,3,unknown,,NONE,,,,,DISCOVERY,https://www.axial.net/company/carlin-capital-partners,2026-08-17,"Father-son family PE (est. 2009). Support of Excavation, Rex Forge.",3,Not reviewed,P2-006
Carroll Capital,P2_FAMILY_OFFICE,Houston,TX,,,commercial_plumbing,TX,1,yes,,T3,2025-01-01,https://www.privsource.com/,Brian F. Carroll,Principal,DISCOVERY,https://www.privsource.com/,2026-08-17,"Charlie's Plumbing (Houston) platform buyout 2025, BMO debt cited.",3,Not reviewed,P2-007
Cottonwood Acquisitions,P2_FAMILY_OFFICE,Ronkonkoma,NY,cottonwoodacquisitions.com,,industrial_services,,12,unknown,,NONE,,,,,DISCOVERY,https://cottonwoodacquisitions.com/,2026-08-17,"Evergreen family office; 12 platforms, $1-10M cash-flow niche businesses, retiring-seller focus.",3,Not reviewed,P2-008
Cranbrook Partners,P2_FAMILY_OFFICE,,,,,fire_life_safety|industrial_services,,5,unknown,,T3,2026-03-01,https://www.axial.net/company/cranbrook-partners,,,DISCOVERY,https://www.axial.net/company/cranbrook-partners,2026-08-17,"Mar 2026: FireCatt (fire-hose testing), Roman Stone, Ritner Steel.",1,Not reviewed,P2-009
Davenforth,P2_FAMILY_OFFICE,Austin,TX,,,landscaping,TX,,yes,,NONE,,,,,DISCOVERY,https://www.axial.net/forum/companies/austin-family-offices/,2026-08-17,"Joint family office formed after 2020 sale of WLE to BrightView. Majority buyouts, $3M+ recurring revenue.",3,Not reviewed,P2-010
Elm Fork Partners,P2_FAMILY_OFFICE,,TX,,,energy_services,TX,2,yes,,NONE,,,,,DISCOVERY,https://www.axial.net/company/elm-fork-partners,2026-08-17,"Texas SFO, permanent capital. Invested in Pumpco Energy Services.",3,Not reviewed,P2-011
Fire Pit Capital,P2_FAMILY_OFFICE,,,,,industrial_services,,2,unknown,,NONE,,,,,DISCOVERY,https://www.axial.net/company/fire-pit-capital,2026-08-17,Southeast; committed patient capital from multiple family offices. AMBIGUOUS FO/IS hybrid.,3,Not reviewed,P2-012
Forest Lane Capital,P2_FAMILY_OFFICE,Pittsburgh,PA,,,industrial_services,,3,unknown,,T3,2025-01-01,https://www.axial.net/company/forest-lane-capital,,,DISCOVERY,https://www.axial.net/company/forest-lane-capital,2026-08-17,"LMM. ARS Recycling Systems (2025), HTG Supply (2021).",3,Not reviewed,P2-013
Hoban Family Office,P2_FAMILY_OFFICE,,,hobanfamilyoffice.com,,other,,,unknown,,NONE,,,,,VERIFIED,https://hobanfamilyoffice.com/direct-investments/,2026-08-17,"SFO with direct-investment mandate: RE, operating businesses, PE/angel.",3,Not reviewed,P2-014
Investar Financial Corporation,P2_FAMILY_OFFICE,Dallas,TX,,$1.0B AUM (self-stated),other,TX,3,yes,,NONE,,,,,DISCOVERY,https://www.axial.net/company/investar-financial-corporation-6800424571796434382,2026-08-17,"Family office, US middle market since 2001.",3,Not reviewed,P2-015
Kompass Kapital,P2_FAMILY_OFFICE,Kansas City,MO,,,residential_hvac|residential_plumbing|residential_electrical,KS,1,unknown,,T3,2026-05-01,https://ctacquisitions.com/plumbing-pe-rollup-tracker-2026/,,,DISCOVERY,https://ctacquisitions.com/plumbing-pe-rollup-tracker-2026/,2026-08-17,Single family office; sponsors Founders Home Service Group (Overland Park KS). AAA City Plumbing May 2026.,1,Not reviewed,P2-016
Lang Partners,P2_FAMILY_OFFICE,Dallas,TX,,,other,TX,10,yes,,NONE,,,,,DISCOVERY,https://www.axial.net/company/lang-partners,2026-08-17,RE development firm and family office. Service Star Brands (home-services franchising).,3,Not reviewed,P2-017
MasGroup,P2_FAMILY_OFFICE,,,,,roofing,CO,1,unknown,,T3,2026-04-02,https://www.citybiz.co/article/827996/superior-roofing-completes-ownership-transition/,Juan Carlos Mas,Principal,DISCOVERY,https://www.citybiz.co/article/827996/superior-roofing-completes-ownership-transition/,2026-08-17,"Strategic single-family office. Investor in Superior Roofing (Aurora, CO). HQ/domain not verified.",1,Not reviewed,P2-018
Mason Wells,P2_FAMILY_OFFICE,Milwaukee,WI,masonwells.com,,utility_services,,20,unknown,,NONE,,,,,DISCOVERY,https://www.masonwells.com/,2026-08-17,"Midwest family-and-institutional capital; waste and water management. Family-capital-adjacent, not a pure SFO.",3,Not reviewed,P2-019
Matbridge Investments Ltd.,P2_FAMILY_OFFICE,,,,,energy_services|utility_services,,10,unknown,,NONE,,,,,DISCOVERY,https://www.axial.net/company/matbridge-investments-ltd,2026-08-17,Diversified family investment firm. Subterra Renewables (geothermal/energy services).,3,Not reviewed,P2-020
Nobel Investments,P2_FAMILY_OFFICE,Santa Monica,CA,,,other,,2,unknown,,NONE,,,Atta Tarki,Founder,DISCOVERY,https://www.axial.net/company/nobel-investments,2026-08-17,Family investment office; owner/operators of acquired businesses.,3,Not reviewed,P2-021
NorthCurrent Partners,P2_FAMILY_OFFICE,,,,,residential_hvac|residential_plumbing|residential_electrical,TX|FL,1,yes,,T3,2025-12-01,https://www.axial.net/company/northcurrent-partners,,,DISCOVERY,https://www.axial.net/company/northcurrent-partners,2026-08-17,CONFLICT ON TYPE: self-describes as extension of a family office but operates as sponsor; tagged P3 in an earlier run. Backs Liberty Service Partners (Dallas). 25 closed deals.,1,Not reviewed,P2-022
Northwoods Partners,P2_FAMILY_OFFICE,,,,,facilities_services,,4,unknown,,NONE,,,,,DISCOVERY,https://www.axial.net/company/northwoods-partners,2026-08-17,Built from ImageFIRST (Berstein family) team; services roll-up expertise.,3,Not reviewed,P2-023
Pearl Street Capital Partners,P2_FAMILY_OFFICE,,,,,industrial_services|roofing|residential_hvac,FL|MI|OH|IL|MN,4,unknown,,T3,2026-01-01,https://www.axial.net/company/pearl-street-capital-partners,,,DISCOVERY,https://www.axial.net/company/pearl-street-capital-partners,2026-08-17,Committed capital from two family offices; $1-7M EBITDA. Backs Aligned Exteriors Group and Panther Service Group. AMBIGUOUS FO/IS hybrid.,1,Not reviewed,P2-024
Pohlad Companies,P2_FAMILY_OFFICE,Minneapolis,MN,pohladcompanies.com,,other,,,unknown,,NONE,,,,,DISCOVERY,https://pim.pohladcompanies.com/,2026-08-17,Confirmed direct-investing family office; NO in-scope vertical deal verified. Thesis-fit lead only.,3,Not reviewed,P2-025
Preservation Holdings LLC,P2_FAMILY_OFFICE,Dallas,TX,,,residential_hvac|residential_plumbing,TX|OK,2,yes,,T3,2022-07-01,https://www.axial.net/company/preservation-holdings-llc,,,DISCOVERY,https://www.axial.net/company/preservation-holdings-llc,2026-08-17,"Group of DFW family offices; permanent capital, no mandate to return capital. Air Assurance, HomeTown Services (2022).",3,Not reviewed,P2-026
Pritzker Private Capital,P2_FAMILY_OFFICE,Chicago,IL,ppcpartners.com,$3.4B (PPC IV final close 2025-08-19),landscaping|facilities_services|industrial_services,,31,unknown,,T2,2025-08-19,,Eric Kieras,Investment Partner,VERIFIED,https://www.ppcpartners.com/,2026-08-17,"31 platforms, 110+ add-ons, >$10B deployed. HeartLand (commercial landscaping).",1,Not reviewed,P2-027
Progeny 3,P2_FAMILY_OFFICE,Kirkland,WA,,,energy_services,,1,unknown,,T3,2026-04-15,https://www.morningstar.com/news/business-wire/20260414818602/,Danny Knight,Portfolio Manager,DISCOVERY,https://www.morningstar.com/news/business-wire/20260414818602/,2026-08-17,SFO. Equity in Cadre Energy Solutions (contract gas compression) Apr 2026. Domain not verified.,1,Not reviewed,P2-028
Pulte Capital Partners LLC,P2_FAMILY_OFFICE,,,,,residential_hvac,,2,unknown,,NONE,,,,,DISCOVERY,https://www.axial.net/company/pulte-capital-partners-llc,2026-08-17,Building-products family capital; Advanced Air Conditioning & Heating (2013).,3,Not reviewed,P2-029
Rhino Ventures LLC,P2_FAMILY_OFFICE,Dallas,TX,,,industrial_services|utility_services,TX,1,yes,,NONE,,,Ken Manning,Principal,DISCOVERY,https://www.axial.net/company/rhino-ventures-llc,2026-08-17,"SFO formed 2016 via ~$230M sale of Curaspan Health. Thesis: always-needed infrastructure/specialty trades, mostly Texas.",3,Not reviewed,P2-030
Rising Ventures Group LLC,P2_FAMILY_OFFICE,,,,,other,,5,unknown,,NONE,,,,,DISCOVERY,https://www.axial.net/company/rising-ventures-group-llc,2026-08-17,"Family-run investor across CPG, retail, healthcare, manufacturing, distribution.",3,Not reviewed,P2-031
Rosewood Private Investments,P2_FAMILY_OFFICE,Dallas,TX,,,industrial_services,TX,20,yes,,NONE,,,Derry Burns,Director,DISCOVERY,https://www.axial.net/company/rosewood-private-investments,2026-08-17,"PE arm of The Rosewood Corporation (Caroline Hunt Trust Estate), evergreen.",3,Not reviewed,P2-032
Schultz Brothers Holdings,P2_FAMILY_OFFICE,,TX,,,industrial_services|energy_services,TX,2,yes,,NONE,,,,,DISCOVERY,https://www.axial.net/company/schultz-brothers-holdings,2026-08-17,"Texas family holding co; $1-5M EBITDA industrials, energy, business services.",3,Not reviewed,P2-033
SIG Partners,P2_FAMILY_OFFICE,Dallas,TX,sigpartners.com,,residential_hvac,TX,,yes,,T3,2026-01-01,https://www.axial.net/company/sig-partners,,,DISCOVERY,https://www.axial.net/company/sig-partners,2026-08-17,"30+ companies in 6 years, operator model, 90-100% cash to close. Snipps Heating & Air Jan 2026.",1,Not reviewed,P2-034
"StoneCalibre, LLC",P2_FAMILY_OFFICE,Los Angeles,CA,,,industrial_services,,11,unknown,,NONE,,,,,DISCOVERY,https://www.axial.net/company/stonecalibre-llc,2026-08-17,36 companies via 7 platforms; corporate divestitures/buy-and-builds.,3,Not reviewed,P2-035
Sunny River Management (SRM Equity Partners),P2_FAMILY_OFFICE,Atlanta,GA,sunnyrivermanagement.com,,fire_life_safety|commercial_hvac,TX,2,yes,,T3,2025-01-01,https://www.pehub.com/sunny-river-owned-fsp-acquires-allard-fire-protection/,John Cote,Managing Partner,VERIFIED,https://firesp.com/news/fire-safety-protection-acquires-livingston-fire-protection-inc/,2026-08-17,"Private family investment firm. Built Fire Safety & Protection (FSP), 8+ acquisitions. Also Palmetto Air & Water Balance (Abilene/Fort Worth/Lubbock).",3,Not reviewed,P2-036
The Arnold Companies,P2_FAMILY_OFFICE,Dallas,TX,,,energy_services,TX,7,yes,,NONE,,,,,DISCOVERY,https://www.axial.net/company/the-arnold-companies,2026-08-17,"Dallas family investment firm; refined-petroleum distribution roots, aviation, RE.",3,Not reviewed,P2-037
The Brydon Group,P2_FAMILY_OFFICE,Washington,DC,brydon.com,$570M+ total fund AUM (2025-12-31),facilities_services,,,unknown,,NONE,,,,,VERIFIED,https://www.brydon.com/portfolio,2026-08-17,Veteran-founded operator-led permanent capital. 46 acquisitions as of 2026-03-10. $1-5M EBITDA recurring revenue.,3,Not reviewed,P2-038
Thrive Five,P2_FAMILY_OFFICE,,TX,,,other,TX,6,yes,,NONE,,,,,DISCOVERY,https://www.axial.net/company/thrive-five,2026-08-17,SFO; healthcare and outdoor building products.,3,Not reviewed,P2-039
Tillery Capital,P2_FAMILY_OFFICE,Charlotte,NC,tillerycapital.com,,industrial_services|facilities_services,,,unknown,,NONE,,,,,DISCOVERY,https://tillerycapital.com/,2026-08-17,Family-office-structured; LMM companies >$2M EBITDA.,3,Not reviewed,P2-040
Treaty Oak Equity,P2_FAMILY_OFFICE,Austin,TX,,,residential_hvac|residential_plumbing|residential_electrical,TX,6,yes,,T3,2024-01-01,https://www.axial.net/company/treaty-oak-equity,,,DISCOVERY,https://www.axial.net/company/treaty-oak-equity,2026-08-17,Commitments from two Texas family offices. Held Stan's Heating Air Plumbing & Electrical and Wagner Mechanical (Austin); sold to The Master Trades Group 2024.,3,Not reviewed,P2-041
Align Collaborate,P3_INDEPENDENT_SPONSOR,Dallas,TX,aligncollaborate.com,Fund I $233M (2025-03),commercial_electrical,KS,1,yes,,T2,2025-03-01,https://aligncollaborate.com/news/align-collaborate-supports-ix-capital-partners-with-growth-investment-in-teague-electric/,Grant Kornman,Partner,VERIFIED,https://aligncollaborate.com/news/align-collaborate-supports-ix-capital-partners-with-growth-investment-in-teague-electric/,2026-08-17,"Equity partner FOR independent sponsors, not itself fundless. Capital-source node - route sponsors here.",2,Not reviewed,P3-001
"Amalgam Capital, LLC",P3_INDEPENDENT_SPONSOR,,,,,commercial_hvac|commercial_mep,VA,1,unknown,MechanAir,T3,2024-10-01,https://www.axial.net/company/amalgam-capital-llc,,,DISCOVERY,https://www.axial.net/company/amalgam-capital-llc,2026-08-17,"Operator-led IS. Core Mechanical (2024), State Mechanical (2021), Hampton Roads Mechanical (2021) forming MechanAir with Delos Capital.",3,Not reviewed,P3-002
American Growth Partners,P3_INDEPENDENT_SPONSOR,,CA,american-gp.com,,industrial_services,,0,unknown,,NONE,,,,,DISCOVERY,https://www.axial.net/company/american-growth-partners,2026-08-17,N. California investor-operators; services and industrial $1M+ EBITDA. No reported closed deals.,3,Not reviewed,P3-003
Astara Capital Partners,P3_INDEPENDENT_SPONSOR,New York,NY,astaracapital.com,Astara Capital Fund I,residential_hvac|residential_plumbing|residential_electrical,FL,1,unknown,Del-Air,T3,2025-01-01,https://www.privsource.com/acquisitions/private-equity-backed-acquisitions/hvac-mechanical,Michael Ranson,Managing Partner,VERIFIED,https://www.prnewswire.com/news-releases/astara-capital-partners-completes-investment-in-del-air-heating-and-air-conditioning-301670657.html,2026-08-17,AMBIGUOUS: Del-Air made from committed Fund I - arguably P1_PE not fundless. Flagged.,3,Not reviewed,P3-004
Ballard & Brown,P3_INDEPENDENT_SPONSOR,Henderson,NV,,,residential_hvac,NV,1,unknown,,T3,2023-12-29,https://www.privsource.com/acquisitions/hvac-mechanical/state/nevada,Matt Ballard,Partner,DISCOVERY,https://www.privsource.com/acquisitions/hvac-mechanical/state/nevada,2026-08-17,"Sunrise Mechanical/Sunrise Service (Henderson NV, 150+ employees), $21M Columbia Pacific senior secured term loan.",3,Not reviewed,P3-005
BaseCamp Equity Partners,P3_INDEPENDENT_SPONSOR,,,basecampequity.com,,roofing,CO,1,unknown,,T3,2026-04-02,https://www.citybiz.co/article/827996/superior-roofing-completes-ownership-transition/,,,DISCOVERY,https://www.citybiz.co/article/827996/superior-roofing-completes-ownership-transition/,2026-08-17,Co-lead investor in Superior Roofing (CO) with MasGroup Apr 2026. HQ not verified.,2,Not reviewed,P3-006
Black Dune,P3_INDEPENDENT_SPONSOR,,,,,industrial_services|facilities_services,,,unknown,,NONE,,,,,DISCOVERY,https://www.axial.net/company/black-dune,2026-08-17,"LMM B2B commercial and industrial services, specialty distribution; multi-site buy-and-build.",3,Not reviewed,P3-007
Boudrow Capital,P3_INDEPENDENT_SPONSOR,,,,,facilities_services,,0,unknown,,NONE,,,,,DISCOVERY,https://www.axial.net/company/boudrow-capital,2026-08-17,B2B service businesses with recurring revenue in New England. No reported closed deals.,3,Not reviewed,P3-008
Broadwing Capital,P3_INDEPENDENT_SPONSOR,Dallas,TX,,,industrial_services|commercial_mep,TX,3,yes,,T3,2024-09-12,https://www.axial.net/company/broadwing-capital,Eliot Kerlin Jr.,Managing Partner,DISCOVERY,https://www.axial.net/company/broadwing-capital,2026-08-17,CONFLICT ON TYPE: tagged P1_PE in an earlier run. Dallas. Upchurch Services; Weldon Services (DFW-area MEP) add-on 2024.,3,Not reviewed,P3-009
Caravel Capital LLC,P3_INDEPENDENT_SPONSOR,,,,,landscaping,GA,4,unknown,,T3,2026-04-01,https://www.axial.net/company/caravel-capital-llc,,,DISCOVERY,https://www.axial.net/company/caravel-capital-llc,2026-08-17,"Tree-service roll-up: Thornton's, Big Ben's, Georgia Tree, Holcomb (2025-2026).",2,Not reviewed,P3-010
Clavis Capital Partners,P3_INDEPENDENT_SPONSOR,,,,,industrial_services,,,unknown,,NONE,,,,,DISCOVERY,https://www.axial.net/company/clavis-capital-partners,2026-08-17,Operator-led; manufacturing and industrial services >$3M EBITDA.,3,Not reviewed,P3-011
Confluence Point Holdings,P3_INDEPENDENT_SPONSOR,Greenwich,CT,confluencepoint.com,,roofing,NY|CT|NJ,1,unknown,Eastern Exterior Partners,T3,2025-06-03,https://www.prnewswire.com/news-releases/confluence-point-acquires-perrys-roofing-launches-eastern-exterior-partners-302470946.html,Doug Behrman,Co-founder,VERIFIED,https://www.prnewswire.com/news-releases/confluence-point-acquires-perrys-roofing-launches-eastern-exterior-partners-302470946.html,2026-08-17,Perry's Roofing acquisition launched Eastern Exterior Partners Jun 2025. Targets $1-7M EBITDA.,2,Not reviewed,P3-012
Cresthaven Capital,P3_INDEPENDENT_SPONSOR,,,,,facilities_services|utility_services|industrial_services,,,unknown,,NONE,,,,,DISCOVERY,https://www.axial.net/company/cresthaven-capital,2026-08-17,"Permanent-capital IS; facilities services, gov/defense contracting, $1-25M+ EBITDA.",3,Not reviewed,P3-013
Dark Matter,P3_INDEPENDENT_SPONSOR,,,,,industrial_services,,,unknown,,NONE,,,,,DISCOVERY,https://www.axial.net/company/dark-matter,2026-08-17,Balance-sheet plus external capital; control positions US/Canada. AMBIGUOUS FO/IS hybrid.,3,Not reviewed,P3-014
Del Monte Capital,P3_INDEPENDENT_SPONSOR,Houston,TX,,,fire_life_safety|elevator|industrial_services|utility_services,TX,3,yes,,T3,2026-03-01,https://www.axial.net/company/del-monte-capital,,,DISCOVERY,https://www.axial.net/company/del-monte-capital,2026-08-17,"Texas LMM sponsor est. 2023. DLG Infrastructure Services (2026), Stratos Elevator + Integrity Elevator (2024).",2,Not reviewed,P3-015
Evolution Strategy Partners,P3_INDEPENDENT_SPONSOR,Chicago,IL,,,commercial_electrical|landscaping,TX,2,yes,,T3,2024-03-01,https://www.axial.net/company/evolution-strategy,,,DISCOVERY,https://www.axial.net/company/evolution-strategy,2026-08-17,Amped Electric (2024) and Houston Landscapes Unlimited (2024).,3,Not reviewed,P3-016
Foundation Investment Partners,P3_INDEPENDENT_SPONSOR,,,,,industrial_services,,,unknown,,NONE,,,,,DISCOVERY,https://www.axial.net/company/foundation-investment-partners,2026-08-17,"Niche manufacturers, value-added distributors, outsourced business services.",3,Not reviewed,P3-017
Good Springs Capital,P3_INDEPENDENT_SPONSOR,Fayetteville,AR,,,commercial_hvac|commercial_plumbing|commercial_mep|residential_plumbing,NJ|TX,2,yes,,T3,2025-01-01,https://www.privsource.com/acquisitions/hvac-mechanical/2025,,,DISCOVERY,https://www.privsource.com/acquisitions/hvac-mechanical/2025,2026-08-17,"CONFLICT ON TYPE: tagged P1_PE in an earlier run. Falasca Mechanical (NJ); Kimbel Mechanical Systems with Gibson Plumbing (San Antonio, DFW footprint).",3,Not reviewed,P3-018
Green Heron Partners,P3_INDEPENDENT_SPONSOR,Houston,TX,greenheronpartners.com,,commercial_plumbing|facilities_services,TX,1,yes,,T3,2026-02-23,https://www.prnewswire.com/news-releases/green-heron-partners-announces-strategic-investment-in-regency-plumbing-contractors-302694264.html,Houston Johnson,Managing Partner,VERIFIED,https://www.prnewswire.com/news-releases/green-heron-partners-announces-strategic-investment-in-regency-plumbing-contractors-302694264.html,2026-08-17,Confirmed fundless (Aviara placement agent). Regency Plumbing (Houston) Feb 2026.,2,Not reviewed,P3-019
Hillstar Capital,P3_INDEPENDENT_SPONSOR,,,,,industrial_services|commercial_electrical,TX,3,yes,,NONE,,,,,DISCOVERY,https://www.axial.net/company/hillstar-capital,2026-08-17,"Patriot Erectors, OneCor Services, RBD Construction.",3,Not reviewed,P3-020
House Rock Capital Partners,P3_INDEPENDENT_SPONSOR,,,,,industrial_services,,2,unknown,,NONE,,,Bobby Anderson,Founder,DISCOVERY,https://www.axial.net/company/house-rock-capital-partners-llc,2026-08-17,"Operator-led; manufacturing platforms $10-100M revenue, $53M+ deployed.",3,Not reviewed,P3-021
IX Capital Partners,P3_INDEPENDENT_SPONSOR,Overland Park,KS,ix-partners.com,,commercial_electrical|utility_services,KS,1,unknown,Teague Electric,T3,2025-05-15,https://www.businesswire.com/news/home/20250515946305/en/,Julian Buegers,Partner,VERIFIED,https://www.businesswire.com/news/home/20250515946305/en/,2026-08-17,PitchBook-labeled fundless sponsor. Teague Electric (KC) May 2025 with Align Collaborate equity.,2,Not reviewed,P3-022
Kissel Capital LLC,P3_INDEPENDENT_SPONSOR,,IN,,,fire_life_safety|industrial_services,,3,unknown,,T3,2025-11-01,https://www.axial.net/company/kissel-capital-llc,,,DISCOVERY,https://www.axial.net/company/kissel-capital-llc,2026-08-17,"Indiana IS, industrial $2-6M EBITDA. Safety Boss. AMBIGUOUS: ex-committed-fund, MBO orientation.",2,Not reviewed,P3-023
Marigny Investments LLC,P3_INDEPENDENT_SPONSOR,Denver,CO,,,other,,2,unknown,,NONE,,,,,DISCOVERY,https://www.axial.net/company/marigny-investments-llc,2026-08-17,"B2B services and light manufacturing, $1-5M EBITDA.",3,Not reviewed,P3-024
Milton Street Capital,P3_INDEPENDENT_SPONSOR,Dallas,TX,,,commercial_mep,TX,1,yes,PurgeRite,T3,2023-10-04,https://www.privsource.com/,,,DISCOVERY,https://www.privsource.com/,2026-08-17,"PurgeRite (mechanical flushing/filtration, data-center end-market), majority recap Oct 2023.",3,Not reviewed,P3-025
Narrow River Capital,P3_INDEPENDENT_SPONSOR,,,,,industrial_services,,,unknown,,NONE,,,,,DISCOVERY,https://www.axial.net/forum/companies/industrial-machinery-equipment-independent-sponsors/29/,2026-08-17,"Industrial services in fragmented markets, recurring revenue/essential-service models. Founder ex-CVC/Apollo.",3,Not reviewed,P3-026
Red River Equity Partners,P3_INDEPENDENT_SPONSOR,Dallas,TX,,,industrial_services,TX,1,yes,,T3,2024-02-01,https://www.axial.net/company/red-river-equity-partners,,,DISCOVERY,https://www.axial.net/company/red-river-equity-partners,2026-08-17,Dallas IS. 1888 Industrial Services (2024).,3,Not reviewed,P3-027
Rox Capital,P3_INDEPENDENT_SPONSOR,,,,,industrial_services,,2,unknown,,T3,2023-07-01,https://www.axial.net/company/rox-capital,,,DISCOVERY,https://www.axial.net/company/rox-capital,2026-08-17,"LMM $1.5-3M cash flow. Neil Technical Services, Scruggs Company.",3,Not reviewed,P3-028
Silver Peak Partners,P3_INDEPENDENT_SPONSOR,Denver,CO,,,utility_services|industrial_services,,2,unknown,,NONE,,,,,DISCOVERY,https://www.axial.net/company/silver-peak-partners,2026-08-17,"$2-15M EBITDA. CG Environmental, Rocky Mountain Excavating.",3,Not reviewed,P3-029
Sound Partners,P3_INDEPENDENT_SPONSOR,,,,,commercial_hvac,NV|CA|TX,1,yes,The Mechanical Group,NONE,,https://www.privsource.com/acquisitions/hvac-mechanical/state/nevada,,,DISCOVERY,https://www.privsource.com/acquisitions/hvac-mechanical/state/nevada,2026-08-17,"With Calico Group: Tradewinds Mechanical (Las Vegas), S&R Air Conditioning (LA), Climate Specialists (Austin) forming The Mechanical Group. trigger_date not established.",3,Not reviewed,P3-030
"Stuart Acquisitions, LLC",P3_INDEPENDENT_SPONSOR,,,,,facilities_services,,1,unknown,,T3,2025-07-01,https://www.axial.net/company/stuart-acquisitions-llc,,,DISCOVERY,https://www.axial.net/company/stuart-acquisitions-llc,2026-08-17,MBO/turnarounds/recaps; asset-light services. Pool-service roll-up 2025.,2,Not reviewed,P3-031
SubSplit Services Group,P3_INDEPENDENT_SPONSOR,,TX,,,commercial_mep,TX,1,yes,Stratus Systems,T3,2025-01-24,https://www.privsource.com/,,,DISCOVERY,https://www.privsource.com/,2026-08-17,"Permanent capital. Stratus Systems (Dallas, mechanical/high-purity piping) buyout Jan 2025.",3,Not reviewed,P3-032
Sundog Capital,P3_INDEPENDENT_SPONSOR,,,,,commercial_electrical|residential_electrical,,1,unknown,,T3,2022-04-01,https://www.axial.net/company/sundog-capital,,,DISCOVERY,https://www.axial.net/company/sundog-capital,2026-08-17,"Investor-operators; construction and contracting. Stryker Electrical, Bay Area Electric, Edge Electric (2022).",3,Not reviewed,P3-033
Swift Anchor Holdings,P3_INDEPENDENT_SPONSOR,,,,,industrial_services,,,unknown,,NONE,,,,,DISCOVERY,https://www.axial.net/company/swift-anchor-holdings,2026-08-17,"Backed by leading family offices; $3-25M EBITDA healthcare, business/industrial services, A&D.",3,Not reviewed,P3-034
Tenet,P3_INDEPENDENT_SPONSOR,,,,,industrial_services,,0,unknown,,NONE,,,,,DISCOVERY,https://www.axial.net/company/tenet,2026-08-17,Permanent-capital IS acquiring small essential-service businesses in compliance-driven skilled trades. No reported closed deals yet.,3,Not reviewed,P3-035
Thesis Capital Partners LLC,P3_INDEPENDENT_SPONSOR,,,,,other,,2,unknown,,NONE,,,,,DISCOVERY,https://www.axial.net/company/thesis-capital-partners-llc,2026-08-17,Operator-led; family-owned LMM buy-and-build.,3,Not reviewed,P3-036
Thornblade Capital,P3_INDEPENDENT_SPONSOR,,,,,other,,,unknown,,NONE,,,,,DISCOVERY,https://www.axial.net/company/thornblade-capital2,2026-08-17,IS/advisory for $3-50M revenue small businesses.,3,Not reviewed,P3-037
Timoneer Strategic Partners,P3_INDEPENDENT_SPONSOR,,,,,facilities_services,,1,unknown,,T3,2024-12-01,https://www.axial.net/company/timoneer-strategic-partners,,,DISCOVERY,https://www.axial.net/company/timoneer-strategic-partners,2026-08-17,"Restoration platform: DRC Restoration (2024), Solid Restoration (2023).",3,Not reviewed,P3-038
Tradescope Capital,P3_INDEPENDENT_SPONSOR,,,,,commercial_mep|residential_hvac,,1,unknown,,T3,2025-12-01,https://www.axial.net/company/tradescope-capital,,,DISCOVERY,https://www.axial.net/company/tradescope-capital,2026-08-17,"Acquires small building trade contractors, integrates into geographic Pods across growing US markets.",2,Not reviewed,P3-039
Watchtower Capital Partners,P3_INDEPENDENT_SPONSOR,Charlotte,NC,watchtowercp.com,,residential_hvac|residential_plumbing,VA|MD|DE,1,unknown,Ally Services,T3,2025-01-01,https://www.privsource.com/acquisitions/private-equity-backed-acquisitions/hvac-mechanical,Mike Minchella,Managing Partner,VERIFIED,https://www.prnewswire.com/news-releases/watchtower-capital-partners-completes-first-platform-investment-in-ally-services-301861252.html,2026-08-17,"Backs Ally Services (Mid-Atlantic). 2025 add-ons: J Hood, Tri-County Aire, Above & Beyond. Founding platform Jun 2023 with Aldine Capital.",3,Not reviewed,P3-040
AI Fire,P4_PLATFORM,Long Beach,CA,aifire.com,~$1.1B (Blackstone acquisition 2025-02),fire_life_safety,,,unknown,Blackstone,T3,2025-02-01,https://dealseam.com/fire-life-safety-pe-rollup-tracker-2026,,,DISCOVERY,https://dealseam.com/fire-life-safety-pe-rollup-tracker-2026,2026-08-17,Impact Fire + Academy Fire. 45+ offices. Blackstone from TruArc Feb 2025.,3,Not reviewed,P4-001
Aligned Exteriors Group,P4_PLATFORM,,,,,roofing,MI|OH|IL|MN,,unknown,River Sea Network / Pearl Street Capital,T3,2025-10-15,https://ctacquisitions.com/roofing-pe-rollup-tracker-2026/,,,DISCOVERY,https://ctacquisitions.com/roofing-pe-rollup-tracker-2026/,2026-08-17,Upper Midwest/Great Lakes. Whitney Roofing (Oct 2025); Trinity Exteriors (2026).,1,Not reviewed,P4-002
Ally Services,P4_PLATFORM,,,,,residential_hvac|residential_plumbing,VA|MD|DE,,unknown,Watchtower Capital Partners,T3,2025-01-01,https://www.privsource.com/acquisitions/private-equity-backed-acquisitions/hvac-mechanical,,,DISCOVERY,https://www.privsource.com/acquisitions/private-equity-backed-acquisitions/hvac-mechanical,2026-08-17,"Mid-Atlantic. 3 add-ons in 2025: J Hood, Tri-County Aire, Above & Beyond. HQ and domain not verified.",3,Not reviewed,P4-003
Altus Fire and Life Safety,P4_PLATFORM,Atlanta,GA,,,fire_life_safety,,,unknown,AE Industrial Partners,T3,2025-01-01,https://dealseam.com/fire-life-safety-pe-rollup-tracker-2026,,,DISCOVERY,https://dealseam.com/fire-life-safety-pe-rollup-tracker-2026,2026-08-17,"Multi-brand: Fire Systems, Cross-Fire, BK, Priority Fire. Domain not verified.",3,Not reviewed,P4-004
Apex Service Partners,P4_PLATFORM,Tampa,FL,apexservicepartners.com,CONFLICT: Apollo release 2026-05-28 states 75 brands/46 states/+$3B revenue/+$500M EBITDA; trade trackers cite ~107 brands/~$1.3B,residential_hvac|residential_plumbing|residential_electrical,,,unknown,Alpine Investors / Apollo,T3,2025-01-01,https://ctacquisitions.com/guides/private-equity-hvac-2026/,,,DISCOVERY,https://ctacquisitions.com/guides/private-equity-hvac-2026/,2026-08-17,~60 add-ons in 2025. Both scale figures carried. Large in-house corp dev - low outside-advisory need.,3,Not reviewed,P4-005
ASPYRE Fire & Life Safety,P4_PLATFORM,,,,,fire_life_safety,,,unknown,Percheron Capital,T2,2025-11-01,https://dealseam.com/fire-life-safety-pe-rollup-tracker-2026,,,DISCOVERY,https://dealseam.com/fire-life-safety-pe-rollup-tracker-2026,2026-08-17,"NEW platform launched Nov 2025, led by ex-JCI/Tyco exec. No add-ons yet - highest origination need in fire.",1,Not reviewed,P4-006
Astra Service Partners,P4_PLATFORM,Oklahoma City,OK,astraservicepartners.com,,commercial_hvac|commercial_mep|commercial_plumbing,AZ|IN|MI|FL,,unknown,Alpine Investors,T3,2025-07-01,https://ctacquisitions.com/guides/private-equity-plumbing-2026/,,,DISCOVERY,https://ctacquisitions.com/guides/private-equity-plumbing-2026/,2026-08-17,"Orion Group brand network: 33 companies, 44 states. Diamondback Plumbing (Jan 2025); Griffen (Jul 2025).",2,Not reviewed,P4-007
Averon Group,P4_PLATFORM,Dallas,TX,,,energy_services|commercial_hvac,TX,,yes,Trinity Hunt Partners,T3,2026-02-04,https://www.businesswire.com/news/home/20260204186977/en/,,,VERIFIED,https://www.businesswire.com/news/home/20260204186977/en/,2026-08-17,National HVAC distribution. Blackhawk Supply (Jun 2025) + Fenco Supply (Feb 2026). Domain not verified.,1,Not reviewed,P4-008
Best Choice Roofing,P4_PLATFORM,Brentwood,TN,bestchoiceroofing.com,~$277M revenue (2023),roofing,,,unknown,Brightstar Capital Partners,T3,2024-08-07,https://ctacquisitions.com/roofing-pe-rollup-tracker-2026/,Wayne Holloway,Founder/CEO,DISCOVERY,https://ctacquisitions.com/roofing-pe-rollup-tracker-2026/,2026-08-17,"85+ locations, 24 states.",3,Not reviewed,P4-009
Bluejack Fire & Life Safety,P4_PLATFORM,Houston,TX,,,fire_life_safety,TX,2,yes,Agellus Capital,T3,2025-03-26,https://www.privsource.com/,,,DISCOVERY,https://www.privsource.com/,2026-08-17,"Platform formed Feb 2025, Houston HQ. FirePro Tech + Chase Fire (TX); Orcus add-on Mar 2025. Newer platform - strong origination-need candidate.",2,Not reviewed,P4-010
Building Controls & Solutions,P4_PLATFORM,Dallas,TX,,,building_automation,TX|NC,,yes,Platte River Equity,T3,2025-01-22,https://www.privsource.com/acquisitions/deal/platte-river-equity-acquires-building-controls-solutions-wySvlo,,,DISCOVERY,https://platteriverequity.com/platte-river-equity-announces-the-acquisition-of-building-controls-solutions/,2026-08-17,24 branches US/Canada. Building automation distribution. Controlstop add-on. Domain not verified.,3,Not reviewed,P4-011
Champions Group Holdings,P4_PLATFORM,Orange County,CA,championsgrp.com,~$2.5B EV / ~$140M EBITDA,residential_hvac|residential_plumbing|residential_electrical,TX,,yes,Blackstone (BXPE),T3,2026-02-17,https://ctacquisitions.com/guides/private-equity-hvac-2026/,Frank DiMarco,CEO,DISCOVERY,https://ctacquisitions.com/guides/private-equity-hvac-2026/,2026-08-17,Sold to Blackstone Feb 2026 (~18.5x). Prior sponsor Odyssey. Lex Cooling Heating Plumbing & Electrical (North Texas) add-on 2026-01-15.,1,Not reviewed,P4-012
Comfort Systems USA,P4_PLATFORM,Houston,TX,comfortsystemsusa.com,NYSE: FIX,commercial_hvac|commercial_mep|commercial_electrical,TX|UT,,yes,(public company),T3,2025-10-01,https://ctacquisitions.com/guides/private-equity-hvac-2026/,,VP Corporate Development,VERIFIED,https://ctacquisitions.com/guides/private-equity-hvac-2026/,2026-08-17,"PUBLIC STRATEGIC, not sponsor-backed. Continuous roll-up. J&S Mechanical (UT); Feyen Zylstra + Meisner Electric (Oct 2025). Large in-house corp dev.",1,Not reviewed,P4-013
Crete United,P4_PLATFORM,Charlotte,NC,creteunited.com,,commercial_hvac|commercial_mep|facilities_services|energy_services,TX,,yes,Ridgemont Equity Partners,T3,2024-03-19,https://www.threesixtyseven.com/wp-content/uploads/2025/09/US-Commercial-HVAC-Plumbing-Industry-Report-V2.pdf,,,DISCOVERY,https://www.threesixtyseven.com/wp-content/uploads/2025/09/US-Commercial-HVAC-Plumbing-Industry-Report-V2.pdf,2026-08-17,"ProStar Energy Solutions (Frisco, TX) add-on. Ridgemont sale process reported late 2025 - T1 signal, deprioritize.",3,Not reviewed,P4-014
Del-Air,P4_PLATFORM,Sanford,FL,delair.com,,residential_hvac|residential_plumbing|residential_electrical,FL,,unknown,Astara Capital Partners,T3,2025-01-01,https://www.privsource.com/acquisitions/private-equity-backed-acquisitions/hvac-mechanical,,,DISCOVERY,https://www.privsource.com/acquisitions/private-equity-backed-acquisitions/hvac-mechanical,2026-08-17,FL residential trades. McGowan's and other add-ons.,3,Not reviewed,P4-015
Eastern Exterior Partners,P4_PLATFORM,Greenwich,CT,,,roofing,NY|CT|NJ,,unknown,Confluence Point Holdings,T3,2025-06-03,https://www.prnewswire.com/news-releases/confluence-point-acquires-perrys-roofing-launches-eastern-exterior-partners-302470946.html,,,VERIFIED,https://www.prnewswire.com/news-releases/confluence-point-acquires-perrys-roofing-launches-eastern-exterior-partners-302470946.html,2026-08-17,Residential roofing platform launched on Perry's Roofing Jun 2025. Domain not verified.,2,Not reviewed,P4-016
Encore Fire Protection,P4_PLATFORM,Pawtucket,RI,encorefp.com,,fire_life_safety,,,unknown,Permira,T3,2025-03-01,https://dealseam.com/fire-life-safety-pe-rollup-tracker-2026,,,DISCOVERY,https://dealseam.com/fire-life-safety-pe-rollup-tracker-2026,2026-08-17,"NE-anchored ITM. CONFLICT: sponsor named as Permira by one source, Berkshire Partners by another. Both carried.",2,Not reviewed,P4-017
Eskola Roofing & Waterproofing,P4_PLATFORM,Chattanooga,TN,eskola.com,,roofing,TX|NM|FL|SC,,yes,Eagle Merchant Partners,T3,2024-11-05,https://ctacquisitions.com/roofing-pe-rollup-tracker-2026/,,,DISCOVERY,https://ctacquisitions.com/roofing-pe-rollup-tracker-2026/,2026-08-17,22 locations. Frontier/BBG/Keating Nov 2024.,3,Not reviewed,P4-018
Exigent Group,P4_PLATFORM,Reston,VA,exigentgroup.com,,commercial_hvac|commercial_mep|building_automation|commercial_plumbing,OH|MD,,unknown,Huron Capital,T3,2024-07-23,https://www.businesswire.com/news/home/20240723945976/en/,Peter van Niekerk,CEO,VERIFIED,https://www.businesswire.com/news/home/20240723945976/en/,2026-08-17,Mission-critical mechanical. 7+ acquisitions; Smith-Boughan + EASI Jul 2024.,3,Not reviewed,P4-019
Fire Safety and Protection (FSP),P4_PLATFORM,,,firesp.com,,fire_life_safety,,,unknown,Sunny River Management,T3,2025-01-01,https://www.pehub.com/sunny-river-owned-fsp-acquires-allard-fire-protection/,Curt Bagnall,CEO,VERIFIED,https://firesp.com/news/fire-safety-protection-acquires-livingston-fire-protection-inc/,2026-08-17,US/Canada. 8+ acquisitions. Family-office-backed platform - unusual and worth a call.,3,Not reviewed,P4-020
FirstCall Mechanical Group,P4_PLATFORM,Austin,TX,firstcallmechanical.com,,commercial_hvac|commercial_mep|building_automation|commercial_electrical,TX|FL|MA,,yes,SkyKnight Capital,T3,2025-08-27,https://www.achrnews.com/articles/152616-skyknight-capital-launches-firstcall-mechanical-group-with-three-acquisitions,Evan Eachus,Founder & CEO,VERIFIED,https://www.achrnews.com/articles/152616-skyknight-capital-launches-firstcall-mechanical-group-with-three-acquisitions,2026-08-17,LC Anderson (Aug 2025); CLS Facility Services. Texas HQ.,1,Not reviewed,P4-021
Founders Home Service Group,P4_PLATFORM,Overland Park,KS,,,residential_plumbing|residential_hvac|residential_electrical,KS,,unknown,Kompass Kapital,T3,2026-05-01,https://ctacquisitions.com/plumbing-pe-rollup-tracker-2026/,,,DISCOVERY,https://ctacquisitions.com/plumbing-pe-rollup-tracker-2026/,2026-08-17,AAA City Plumbing May 2026. Family-office-backed consolidator. Domain not verified.,1,Not reviewed,P4-022
Foundral,P4_PLATFORM,Cleveland,OH,,,commercial_hvac|commercial_mep|commercial_plumbing,OH,,unknown,McNally Capital,T3,2025-12-04,https://mcnallycapital.com/our-companies,,,VERIFIED,https://mcnallycapital.com/our-companies,2026-08-17,Union-backed mechanical contracting platform built on Smith & Oby. A. Hattersley & Sons add-on. Family-office-backed. Domain not verified.,1,Not reviewed,P4-023
Grizzly MEP,P4_PLATFORM,,,,,commercial_mep|commercial_hvac,VT,,unknown,Garnett Station Partners,T3,2025-01-01,https://www.privsource.com/acquisitions/private-equity-backed-acquisitions/hvac-mechanical,,,DISCOVERY,https://www.privsource.com/acquisitions/private-equity-backed-acquisitions/hvac-mechanical,2026-08-17,Vermont Mechanical partnership. HQ and domain not verified.,3,Not reviewed,P4-024
Guardian Fire Protection Services,P4_PLATFORM,Rockville,MD,guardianfire.com,,fire_life_safety,MD,,unknown,Knox Lane,T3,2025-01-01,https://dealseam.com/fire-life-safety-pe-rollup-tracker-2026,,,DISCOVERY,https://dealseam.com/fire-life-safety-pe-rollup-tracker-2026,2026-08-17,"9 locations, 4 states, ~24,000 commercial customers. Harris Fire Protection add-on. DISTINCT from Guardian Fire Services (Investcorp).",3,Not reviewed,P4-025
Guardian Fire Services,P4_PLATFORM,Nashville,TN,,,fire_life_safety,TX,,yes,Investcorp,T3,2026-08-10,https://dealseam.com/fire-life-safety-pe-rollup-tracker-2026,,,DISCOVERY,https://dealseam.com/fire-life-safety-pe-rollup-tracker-2026,2026-08-17,~17 branches. Houston Fire & Security add-on Aug 2026 = Texas market entry. DISTINCT from Guardian Fire Protection Services (Knox Lane). Domain not verified.,1,Not reviewed,P4-026
Impact Climate Technologies,P4_PLATFORM,,,,,commercial_hvac,TX,,yes,Ardian,T3,2026-01-31,https://www.privsource.com/,,,DISCOVERY,https://www.privsource.com/,2026-08-17,Larry Wunsch & Associates (San Antonio) add-on Jan 2026. HQ and domain not verified.,1,Not reviewed,P4-027
Infinity Home Services,P4_PLATFORM,,,,,roofing,,26,unknown,Freeman Spogli / LightBay,T3,2025-01-01,https://ctacquisitions.com/roofing-pe-rollup-tracker-2026/,,,DISCOVERY,https://axiaadvisors.com/private-equity-roofing-platforms/,2026-08-17,26 portfolio roofing brands. HQ and domain not verified.,3,Not reviewed,P4-028
Kassel Mechanical Holdings,P4_PLATFORM,,TX,,,commercial_mep|fire_life_safety,TX,,yes,Paceline Equity Partners,T3,2025-04-10,https://www.abfjournal.com/,,,DISCOVERY,https://www.abfjournal.com/,2026-08-17,MEPF. Arrow Electric add-on Apr 2025 alongside $40M preferred equity. HQ city and domain not verified.,2,Not reviewed,P4-029
Legacy Service Partners,P4_PLATFORM,Tampa,FL,legacyservicepartners.com,$531M+ total capital raised,residential_hvac|residential_plumbing|residential_electrical,,,unknown,Gridiron Capital,T3,2025-01-01,https://ctacquisitions.com/guides/private-equity-hvac-2026/,Jake Sloane,Co-founder,DISCOVERY,https://ctacquisitions.com/guides/private-equity-hvac-2026/,2026-08-17,"National, 19 states. Founded 2021.",3,Not reviewed,P4-030
Liberty Service Partners,P4_PLATFORM,Addison,TX,,,residential_hvac|residential_plumbing|residential_electrical,TX|FL,,yes,NorthCurrent Partners,T3,2026-04-01,https://www.capstonepartners.com/insights/article-hvac-services-ma-update/,,,DISCOVERY,https://www.prnewswire.com/news-releases/liberty-service-partners-expands-into-the-mid-atlantic-with-partnership-with-hvac--plumbing-unlimited-302749166.html,2026-08-17,Dallas-based. Arctic Breeze (Snidman) Apr 2026; HVAC & Plumbing Unlimited (Mid-Atlantic entry). Domain not verified.,1,Not reviewed,P4-031
Marmic Fire & Safety,P4_PLATFORM,Joplin,MO,marmic.com,,fire_life_safety,,,unknown,KKR,T3,2024-07-01,https://dealseam.com/fire-life-safety-pe-rollup-tracker-2026,,,DISCOVERY,https://dealseam.com/fire-life-safety-pe-rollup-tracker-2026,2026-08-17,Founded 1951. KKR from HGGC Jul 2024.,3,Not reviewed,P4-032
MechanAir,P4_PLATFORM,,,,,commercial_hvac|commercial_mep,VA,,unknown,Amalgam Capital / Delos Capital,T3,2024-10-01,https://www.axial.net/company/amalgam-capital-llc,,,DISCOVERY,https://www.axial.net/company/amalgam-capital-llc,2026-08-17,"HVAC/mechanical platform formed from Core Mechanical, State Mechanical, Hampton Roads Mechanical. HQ and domain not verified.",3,Not reviewed,P4-033
Modigent,P4_PLATFORM,Phoenix,AZ,modigent.com,,commercial_hvac|commercial_mep|commercial_plumbing|building_automation,AZ|FL|TX,,yes,OMERS Private Equity,T3,2025-12-18,https://ctacquisitions.com/guides/private-equity-plumbing-2026/,Dan Bueschel,CEO,DISCOVERY,https://ctacquisitions.com/guides/private-equity-plumbing-2026/,2026-08-17,"Southland Mechanical (Houston, Dec 2025); VMG Mechanical (Jul 2025).",1,Not reviewed,P4-034
National Fire & Safety,P4_PLATFORM,,,,,fire_life_safety,,,unknown,Highview Capital,T3,2025-08-01,https://highviewcapital.com/portfolio/national-fire-safety/,,,VERIFIED,https://highviewcapital.com/portfolio/national-fire-safety/,2026-08-17,"7 Western states. Frontier Fire Protection (Aug 2025), Elite FPS, RCI Systems. HQ and domain not verified.",2,Not reviewed,P4-035
Norlee Group,P4_PLATFORM,Tampa,FL,,,commercial_electrical|building_automation,FL,,unknown,Heartwood Partners,T3,2025-11-05,https://www.privsource.com/acquisitions/electrical-services/2025,,,DISCOVERY,https://www.privsource.com/acquisitions/electrical-services/2025,2026-08-17,Commercial electrical. Inter-Bay Electric (Tampa) Nov 2025. Domain not verified.,1,Not reviewed,P4-036
Optimum Energy Co.,P4_PLATFORM,,,optimumenergyco.com,,energy_services|commercial_mep,KY,,unknown,Bernhard Capital Partners,T3,2026-08-12,https://www.businesswire.com/news/home/20260812343122/en/,,,VERIFIED,https://www.businesswire.com/news/home/20260812343122/en/,2026-08-17,Energy-as-a-Service; central plant optimization. Hussung Mechanical Contractors Aug 2026. HQ not verified.,1,Not reviewed,P4-037
P3 Services,P4_PLATFORM,Seattle,WA,,,residential_plumbing|commercial_plumbing,WA|TX|FL|NC,,yes,Stellex Capital Management,T3,2025-03-04,https://ctacquisitions.com/plumbing-pe-rollup-tracker-2026/,,,DISCOVERY,https://ctacquisitions.com/plumbing-pe-rollup-tracker-2026/,2026-08-17,National plumbing/septic/rooter (Peltram base). Six 2024 acquisitions incl. Schrader Plumbing (Dallas). Domain not verified.,2,Not reviewed,P4-038
Panther Service Group,P4_PLATFORM,,,pantherservicegroup.com,,residential_hvac|residential_plumbing|residential_electrical,FL,,unknown,Pearl Street Capital Partners,T2,2026-01-01,https://www.prnewswire.com/news-releases/pearl-street-capital-partners-launches-panther-service-group-a-new-plumbing-hvac-and-electrical-services-platform-focused-in-florida-302731949.html,,,VERIFIED,https://www.prnewswire.com/news-releases/pearl-street-capital-partners-launches-panther-service-group-a-new-plumbing-hvac-and-electrical-services-platform-focused-in-florida-302731949.html,2026-08-17,NEW FL platform founded 2026. No add-ons yet - high origination need. HQ not verified.,1,Not reviewed,P4-039
"Paschal Air, Plumbing & Electric",P4_PLATFORM,Springdale,AR,,,residential_hvac|residential_plumbing|residential_electrical,AR|TX,,yes,,T3,2025-01-01,https://www.privsource.com/,,,DISCOVERY,https://www.privsource.com/,2026-08-17,"JAK Services (Keller, TX / DFW) add-on 2025. Sponsor undisclosed. Domain not verified.",3,Not reviewed,P4-040
Pavion,P4_PLATFORM,Chantilly,VA,pavion.com,,fire_life_safety|building_automation,,,unknown,Wind Point Partners,T3,2025-01-01,https://ctacquisitions.com/guides/private-equity-platforms-by-sector-2026/,,,DISCOVERY,https://ctacquisitions.com/guides/private-equity-platforms-by-sector-2026/,2026-08-17,Fire/security/AV integration (formerly Corbett Technology Solutions).,3,Not reviewed,P4-041
Peak Utility Services Group,P4_PLATFORM,Broomfield,CO,,,utility_services|energy_services,TX,,yes,Greenbelt Capital Partners,T3,2026-03-11,https://www.orix.com/deals/greenbelt-capital-partners-agrees-to-acquire-peak-utility-services-group-from-orix-capital-partners/,Michael Lennon,CEO,VERIFIED,https://www.orix.com/deals/greenbelt-capital-partners-agrees-to-acquire-peak-utility-services-group-from-orix-capital-partners/,2026-08-17,"~2,800 employees, 15 states. 5 Star Electric (DFW), Superior Pipeline (Fort Worth). Ownership transferring ORIX to Greenbelt. Domain not verified.",1,Not reviewed,P4-042
PremiStar,P4_PLATFORM,Schaumburg,IL,premistar.com,,commercial_hvac|commercial_mep|building_automation,IL|PA|TX,,yes,Partners Group,T3,2025-07-01,https://www.privsource.com/acquisitions/private-equity-backed-acquisitions/hvac-mechanical,,,DISCOVERY,https://www.privsource.com/acquisitions/private-equity-backed-acquisitions/hvac-mechanical,2026-08-17,"52 branches, 16 states, ~2,400 employees. Rabe Environmental (Jul 2025); Dahme Mechanical (Mar 2025); SI Mechanical (Creedmoor/Austin TX).",2,Not reviewed,P4-043
Pueblo Mechanical & Controls,P4_PLATFORM,Phoenix,AZ,pueblomech.com,,commercial_hvac|commercial_plumbing|building_automation,AZ|TX,,yes,OMERS Private Equity,T3,2025-01-01,https://ctacquisitions.com/guides/private-equity-plumbing-2026/,,,DISCOVERY,https://ctacquisitions.com/guides/private-equity-plumbing-2026/,2026-08-17,"11 acquisitions. Climate Solutions (Austin), Evolution Mechanical (Dallas-area).",3,Not reviewed,P4-044
Pye-Barker Fire & Safety,P4_PLATFORM,Alpharetta,GA,pyebarker.com,,fire_life_safety,TX,,yes,Altas Partners / Leonard Green,T3,2025-11-17,https://dealseam.com/fire-life-safety-pe-rollup-tracker-2026,,VP Business Development,DISCOVERY,https://dealseam.com/fire-life-safety-pe-rollup-tracker-2026,2026-08-17,"~9,000 employees, 47 states. Most acquisitive fire platform. FSD Protection (Houston), AAA Fire Extinguisher (Lubbock), Texas Homeland Security & Sound. Large in-house BD.",1,Not reviewed,P4-045
Rampart Exterior Services,P4_PLATFORM,,,,,roofing|facilities_services,TX,,yes,Huron Capital,T3,2025-01-01,https://www.huroncapital.com/news/huron-capital-launches-rampart-exterior-servicestm-to-provide-commercial-roofing-and-exterior-services/,,,VERIFIED,https://www.huroncapital.com/news/huron-capital-launches-rampart-exterior-servicestm-to-provide-commercial-roofing-and-exterior-services/,2026-08-17,Commercial roofing/exterior. Port Enterprises (TX) partnership. HQ and domain not verified.,3,Not reviewed,P4-046
RapidFire Safety & Security,P4_PLATFORM,,,,,fire_life_safety|commercial_electrical,CA|TX,,yes,Concentric Equity Partners,T3,2025-01-15,https://www.privsource.com/acquisitions/electrical-services/2025,,,DISCOVERY,https://www.privsource.com/acquisitions/electrical-services/2025,2026-08-17,"Fire/life safety/low-voltage. Tri-X (San Dimas, CA); All Source Fire Protection (Kerrville, TX).",3,Not reviewed,P4-047
Redwood Services,P4_PLATFORM,Memphis,TN,redwoodservices.com,~$1.1B valuation (2025-05),residential_hvac|residential_plumbing|residential_electrical,WI|IN|CA,,unknown,Altas Partners,T3,2025-04-07,https://ctacquisitions.com/guides/private-equity-hvac-2026/,,,DISCOVERY,https://ctacquisitions.com/guides/private-equity-hvac-2026/,2026-08-17,"Partnership model, 35+ acquisitions. CONFLICT: sponsor named as Altas by one source, Sun Capital by another. Both carried.",2,Not reviewed,P4-048
Regency Electric,P4_PLATFORM,Englewood,CO,,,commercial_electrical,CO,,unknown,MFG Partners,T3,2025-11-18,https://www.businesswire.com/news/home/20251118389583/en/,,,VERIFIED,https://www.businesswire.com/news/home/20251118389583/en/,2026-08-17,Denver commercial electrical founded 1986. Seifried family retained equity. Domain not verified.,1,Not reviewed,P4-049
Reliable Residential (Franchise Equity Partners),P4_PLATFORM,,,,,residential_hvac|other,TX,,yes,Franchise Equity Partners,T3,2025-12-15,https://www.privsource.com/,,,DISCOVERY,https://www.privsource.com/,2026-08-17,"ACG Smith Texas (Precision Garage Door, DFW + Palo Pinto) Dec 2025. HQ and domain not verified.",1,Not reviewed,P4-050
Sciens Building Solutions,P4_PLATFORM,New York,NY,sciensbuildingsolutions.com,,fire_life_safety|building_automation,TX,,yes,The Carlyle Group,T3,2025-01-01,https://dealseam.com/fire-life-safety-pe-rollup-tracker-2026,,,DISCOVERY,https://dealseam.com/fire-life-safety-pe-rollup-tracker-2026,2026-08-17,"National fire detection/alarm integrator, 10+ divisions incl. Texas. Huron Capital minority.",3,Not reviewed,P4-051
Seacoast Service Partners,P4_PLATFORM,,,,,residential_plumbing|commercial_hvac|residential_hvac,FL,,unknown,White Wolf Capital,T3,2025-01-01,https://www.privsource.com/acquisitions/private-equity-backed-acquisitions/hvac-mechanical,,,DISCOVERY,https://www.privsource.com/acquisitions/private-equity-backed-acquisitions/hvac-mechanical,2026-08-17,FL plumbing/HVAC/refrigeration. Always Air Services add-on. HQ and domain not verified.,3,Not reviewed,P4-052
Service Logic,P4_PLATFORM,Charlotte,NC,servicelogic.com,,commercial_hvac|commercial_mep|building_automation,,,unknown,Bain Capital / Mubadala,T3,2025-12-16,https://ctacquisitions.com/guides/private-equity-hvac-2026/,,,DISCOVERY,https://ctacquisitions.com/guides/private-equity-hvac-2026/,2026-08-17,"140+ locations, 5,000+ technicians. Bain took control Dec 2025.",1,Not reviewed,P4-053
Sila Services,P4_PLATFORM,King of Prussia,PA,silaservices.com,~$1.7B / ~17x reported (not SEC-filed),residential_hvac|residential_plumbing|residential_electrical,,,unknown,Goldman Sachs Alternatives,T3,2024-11-10,https://ctacquisitions.com/guides/private-equity-hvac-2026/,,,DISCOVERY,https://ctacquisitions.com/guides/private-equity-hvac-2026/,2026-08-17,NE/Mid-Atlantic/Midwest. Recapped Nov 2024 - fresh capital plus integration mandate.,3,Not reviewed,P4-054
Southern Home Services,P4_PLATFORM,,,southernhomeservices.com,,residential_plumbing|residential_hvac,TX,,yes,,T3,2025-10-20,https://southernhomeservices.com/,,Chief Strategy Officer,VERIFIED,https://southernhomeservices.com/,2026-08-17,"Nick's Plumbing & Air Conditioning (Houston) Oct 2025, 4th TX location. Sponsor undisclosed. HQ not verified.",1,Not reviewed,P4-055
Summit Companies,P4_PLATFORM,St. Paul,MN,summitcompanies.com,,fire_life_safety,,,unknown,BDT & MSD Partners,T3,2025-08-01,https://dealseam.com/fire-life-safety-pe-rollup-tracker-2026,,,DISCOVERY,https://dealseam.com/fire-life-safety-pe-rollup-tracker-2026,2026-08-17,37 states. Performance Systems Integration Aug 2025. Sponsor changed to BDT & MSD Aug 2025.,2,Not reviewed,P4-056
Teague Electric,P4_PLATFORM,Lenexa,KS,teague.com,,commercial_electrical|utility_services,KS,,unknown,IX Capital Partners,T3,2025-05-15,https://www.businesswire.com/news/home/20250515946305/en/,,,VERIFIED,https://www.businesswire.com/news/home/20250515946305/en/,2026-08-17,"KC electrical contractor founded 1978, roll-up platform. Align Collaborate equity.",2,Not reviewed,P4-057
TechServ,P4_PLATFORM,Tyler,TX,,,energy_services|utility_services,TX,,yes,Bernhard Capital Partners,T3,2025-06-02,https://www.bernhardcapital.com/,,,VERIFIED,https://www.bernhardcapital.com/,2026-08-17,"Utility engineering platform, 850+ employees, 21 states. Platform acquired Jun 2025, NO disclosed add-ons since - visible pipeline gap. Domain not verified.",2,Not reviewed,P4-058
Tecta America,P4_PLATFORM,Rosemont,IL,tectaamerica.com,,roofing,NV|OK|TX,,yes,Altas Partners,T3,2025-12-08,https://ctacquisitions.com/roofing-pe-rollup-tracker-2026/,Dave Reginelli,CEO,VERIFIED,https://ctacquisitions.com/roofing-pe-rollup-tracker-2026/,2026-08-17,"Largest PE-backed commercial roofing platform, 100+ locations. Texas Roofing (Round Rock) Dec 2025, 6th add-on of 2025.",1,Not reviewed,P4-059
Tejas Completion Services,P4_PLATFORM,Midland,TX,,,energy_services,TX,,yes,Voyager Interests,T3,2025-03-17,https://www.businesswire.com/,TJ Dostal,CEO,DISCOVERY,https://voyagerinterests.com/,2026-08-17,Specialty pumping. Majority investment Mar 2025. Domain not verified.,2,Not reviewed,P4-060
The Mechanical Group,P4_PLATFORM,,,,,commercial_hvac,NV|CA|TX,,yes,Sound Partners / Calico Group,NONE,,https://www.privsource.com/acquisitions/hvac-mechanical/state/nevada,,,DISCOVERY,https://www.privsource.com/acquisitions/hvac-mechanical/state/nevada,2026-08-17,"SW HVAC-R from Tradewinds Mechanical (Las Vegas), S&R Air Conditioning (LA), Climate Specialists (Austin). trigger_date not established.",3,Not reviewed,P4-061
The Perfect Light,P4_PLATFORM,Farmers Branch,TX,,,commercial_electrical|other,TX,,yes,Argonne Capital Group,T3,2025-10-03,https://www.privsource.com/,,,DISCOVERY,https://www.privsource.com/,2026-08-17,"Premier Lighting Enterprises (Van Alstyne, TX) add-on Oct 2025. Domain not verified.",1,Not reviewed,P4-062
The SEER Group,P4_PLATFORM,,,,,residential_hvac|residential_plumbing|residential_electrical,TX,,yes,,T3,2025-04-29,https://www.businesswire.com/,Justin Nagy,CEO,VERIFIED,https://www.businesswire.com/,2026-08-17,"Swan Electric Plumbing Heating & Air (Sunnyvale TX / greater DFW) Apr 2025 - 42nd brand, Texas entry. Sponsor undisclosed. HQ and domain not verified.",2,Not reviewed,P4-063
United Building Solutions,P4_PLATFORM,Conshohocken,PA,,,commercial_hvac|commercial_mep,TX,,yes,AE Industrial Partners,T3,2026-01-20,https://www.businesswire.com/news/home/20260120089736/en/,David Leathers,CEO,VERIFIED,https://www.businesswire.com/news/home/20260120089736/en/,2026-08-17,"DFW Mechanical Group (Wylie, TX) Jan 2026 - 2nd add-on since Feb 2025. DFW President: Brett Thomas. Domain not verified.",1,Not reviewed,P4-064
United Utility Services,P4_PLATFORM,,,unitedutility.com,,utility_services|energy_services,,,unknown,Sandbrook Capital,T3,2025-12-01,https://www.sandbrook.com/news/sandbrook-announces-acquisition-of-united-utility-services,Colt Moedl,CEO,VERIFIED,https://www.sandbrook.com/news/sandbrook-announces-acquisition-of-united-utility-services,2026-08-17,Electric grid infra services (T&D/substation). Formed 2018 by Bernhard; sold to Sandbrook Dec 2025. HQ not verified.,1,Not reviewed,P4-065
Wrench Group,P4_PLATFORM,Marietta,GA,wrenchgroup.com,,residential_hvac|residential_plumbing|residential_electrical,,,unknown,Leonard Green & Partners,T3,2024-02-01,https://ctacquisitions.com/guides/private-equity-plumbing-2026/,,,DISCOVERY,https://ctacquisitions.com/guides/private-equity-plumbing-2026/,2026-08-17,"25 brands, 27 markets, 14 states. $1.3B refi Sept 2025 (M&A capacity).",3,Not reviewed,P4-066
Anacapa Partners,P5_SEARCH_FUND_INVESTOR,San Mateo,CA,anacapapartners.com,Fund III $79M (2015),other,,,unknown,,NONE,,,Jeff Stevens,Founder / Managing Partner,VERIFIED,https://anacapapartners.com/,2026-08-17,"175+ search partnerships, 60+ operating-company investments. Predictable/recurring revenue. Also acts as IS on select deals.",3,Not reviewed,P5-001
Broadtree Partners,P5_SEARCH_FUND_INVESTOR,Charlotte,NC,broadtreepartners.com,$240M multi-asset continuation fund (2025),facilities_services,,,unknown,,T2,2025-01-01,https://www.prnewswire.com/news-releases/broadtree-partners-announces-240-million-multi-asset-continuation-fund-302754975.html,Brad Batten,Managing Partner,VERIFIED,https://broadtreepartners.com/about/,2026-08-17,Operator-centric LMM $1-10M EBITDA; business/government/healthcare/tech services. Second office Charleston SC.,3,Not reviewed,P5-002
CapitalPad,P5_SEARCH_FUND_INVESTOR,Austin,TX,capitalpad.com,"$300K-$2.5M per deal; 1,400+ accredited investors",facilities_services|residential_hvac,,,yes,,NONE,,,Travis Jamison,Founder / CEO,VERIFIED,https://capitalpad.com/,2026-08-17,"BEST P5 FIT: target industries explicitly listed incl. home services, facilities management, light manufacturing, commercial cleaning, specialty distribution.",3,Not reviewed,P5-003
Endurance Search Partners,P5_SEARCH_FUND_INVESTOR,West Palm Beach,FL,endurancesearchpartners.com,,other,,,unknown,,NONE,,,Rich Augustyn,Founder / Managing Partner,VERIFIED,https://www.endurancesearchpartners.com/,2026-08-17,"Modern family office; 350+ partnerships, 226 investments. States preference for profitable service companies with recurring revenue.",3,Not reviewed,P5-004
ETA Equity,P5_SEARCH_FUND_INVESTOR,Dallas,TX,etaequity.com,,other,,,yes,,NONE,,,Mark Sinatra,Co-Founder,VERIFIED,https://etaequity.com/,2026-08-17,Industry-agnostic search-fund/dual-strategy investor. Dallas-based.,3,Not reviewed,P5-005
Footbridge Partners,P5_SEARCH_FUND_INVESTOR,New York,NY,footbridgepartners.com,,other,,,unknown,,NONE,,,Greg Geronemus,Co-Founder / Managing Partner,VERIFIED,https://www.footbridgepartners.com/,2026-08-17,Founded 2012; stable recurring-revenue businesses in overlooked niches. Second office SF Bay Area.,3,Not reviewed,P5-006
Futaleufu Partners,P5_SEARCH_FUND_INVESTOR,Jackson,WY,futaleufu-partners.com,,other,,,unknown,,NONE,,,David Dodson,Founder,VERIFIED,https://futaleufu-partners.com/,2026-08-17,"Long-hold ETA; industry-agnostic, pattern-recognition over industry thesis.",3,Not reviewed,P5-007
Miramar Equity Partners,P5_SEARCH_FUND_INVESTOR,Dallas,TX,miramarequity.com,Family office; AUM not stated,other,,,yes,,NONE,,,Kurt Leedy,Co-Founder,VERIFIED,https://miramarequity.com/,2026-08-17,Family-office capital funding searchers (Miramar Search Partners); checks up to $25M for stretch deals.,3,Not reviewed,P5-008
Nashton Partners (The Nashton Company),P5_SEARCH_FUND_INVESTOR,,,nashton.com,,facilities_services,,,unknown,,NONE,,,Jason Pananos,Co-Founder,VERIFIED,https://www.nashton.com/,2026-08-17,"Holding company; recurring-revenue services in niche markets (pest/vector control, lake management). HQ city not verified.",3,Not reviewed,P5-009
Next Coast ETA,P5_SEARCH_FUND_INVESTOR,Austin,TX,nceta.com,Next Coast ETA Entrepreneurs Fund I (SEC-filed),other,,,yes,,NONE,,,Dustin Sellers,Partner / Co-Head,VERIFIED,http://nceta.com/,2026-08-17,Search division of Next Coast Ventures; lower/middle market.,3,Not reviewed,P5-010
Pacific Lake Partners,P5_SEARCH_FUND_INVESTOR,Boston,MA,pacificlake.com,"CONFLICT: $2.30B client assets (2025-12-31 brochure) vs $2,179,904,230 Form ADV (2026-05-08)",other,,,unknown,,NONE,,,Coley Andrews,Co-Founder / Partner,VERIFIED,https://www.pacificlake.com/,2026-08-17,"Leading search-fund investor since Jul 2009, 202+ investments. Industry-agnostic, backs service companies ~$10-30M revenue. Both AUM figures carried.",3,Not reviewed,P5-011
Permanent Equity,P5_SEARCH_FUND_INVESTOR,Columbia,MO,permanentequity.com,">$300M; Fund 2 $248M (2019), ~30-yr funds",industrial_services,,,unknown,,NONE,,,Brent Beshore,Founder / CEO,VERIFIED,https://www.permanentequity.com/,2026-08-17,"~30-year funds. Portfolio incl. niche construction, manufacturing and distribution.",3,Not reviewed,P5-012
Relay Investments,P5_SEARCH_FUND_INVESTOR,Boston,MA,relayinvestments.com,"~$200M (Fund III, 2022)",other,,,unknown,,NONE,,,Sandro Mina,Co-Founder,VERIFIED,https://www.relayinvestments.com/,2026-08-17,"250+ search funds, 160+ acquisitions. Industry-agnostic; 15-25% stake, $1-3.5M equity checks.",3,Not reviewed,P5-013
Search Fund Partners,P5_SEARCH_FUND_INVESTOR,,CA,searchfunds.net,,other,,,unknown,,NONE,,,Rich Kelley,Co-Founder,VERIFIED,https://www.searchfunds.net/,2026-08-17,First PE fund dedicated to search funds (2004); 202 investments through 2025. Bay Area; exact city not verified.,3,Not reviewed,P5-014
Trilogy Search Partners,P5_SEARCH_FUND_INVESTOR,Mercer Island,WA,trilogy-search.com,,other,,,unknown,,NONE,,,Mitch Cohen,Chairman,VERIFIED,https://trilogy-search.com/team,2026-08-17,"Founded 2014; 66 portfolio companies, 18 acquisitions. Second office SF.",3,Not reviewed,P5-015
WSC & Company,P5_SEARCH_FUND_INVESTOR,Charlotte,NC,wscandcompany.com,Fund II ~$100M (2020); >$2B portfolio EV,landscaping,,,unknown,,NONE,,,Badge Stone,Co-Founder / Partner,VERIFIED,https://wscandcompany.com/,2026-08-17,Business products and services $2-6M EBITDA. Backed Yard Alliance/YardWorks residential landscaping platform.,3,Not reviewed,P5-016
