"org_id","firm","firm_type","segment","bucket","tier","city","state","website","aum_or_fund_size","check_size","ebitda_range","vertical_fit","internal_corpdev","buyside_signal","signal_date","contact_count","contact_ids","confidence","source_url","notes","account_type","sponsor_parent","verticals_active","states_active","platform_count","texas_exposure","trigger_type","trigger_date","verification","last_checked"
"ORG-001","414 Capital","Investment bank","REFERRAL_BANKING","REFERRAL","A","Dallas","TX","","","","","N/A","N/A","ACG DFW board","2026","1","REF-004","High","https://www.acg.org/dfw","","","","","","","","","","",""
"ORG-002","Align Collaborate","Independent-sponsor equity capital","CAPITAL_EQUITY","REFERRAL","A","Dallas","TX","aligncollaborate.com","Fund I $233M (Mar 2025); Collaborate II $375M; ACP IV $770M (Jun 2026)","$5-30M equity per transaction","$2-15M","Building/facilities services (City Wide heritage via NCK Capital)","Equity-only; no sourcing arm — backs sponsors who source themselves","Collaborate II $375M and ACP IV $770M closed","2026-06","2","CAP-001; CAP-002","High","https://aligncollaborate.com/news/align-collaborate-supports-ix-capital-partners-with-growth-investment-in-teague-electric/","Former independent sponsors themselves (NCK Capital). Single most valuable referral node on the board — they meet under-resourced sponsors daily.
prior source_url (2026-08-18): https://www.businesswire.com/news/home/20250327278344/en/
[2026-08-18 client-register-v1 / P3-001] Equity partner FOR independent sponsors, not itself fundless. Capital-source node - route sponsors here.","P3_INDEPENDENT_SPONSOR","","commercial_electrical","KS","1","yes","T2","2025-03-01","VERIFIED","2026-08-17"
"ORG-003","Bell Nunnally","M&A law firm / association leadership","REFERRAL_LEGAL","REFERRAL","A","Dallas","TX","bellnunnally.com","","","","N/A — network node","N/A","Leads ACG DFW (780+ members)","2026","1","REF-001","High","https://www.acg.org/dfw","Highest-leverage single relationship in the referral layer.","","","","","","","","","",""
"ORG-004","Bright Equities","Single family office","FAMILY_OFFICE","CLIENT","A","Lewisville","TX","brightequities.com","","$1-10M equity","","MEDIUM — direct equity in operating companies, organic + acquisition growth","NO dedicated BD","Direct equity in operating companies","2025","2","FO-002; FO-003","Medium","https://brightequities.com/","Flagged low confidence in research pass 2 — verify they actually deploy into acquisitions.","P2_FAMILY_OFFICE","","","","","","","","",""
"ORG-005","Bulkley Capital","LMM investment bank","REFERRAL_BANKING","REFERRAL","A","Dallas","TX","","","","","N/A","N/A","ACG DFW board","2026","1","REF-003","High","https://www.acg.org/dfw","BUY-SIDE ONLY positioning is essential in this conversation.","","","","","","","","","",""
"ORG-006","Capital Southwest (NASDAQ: CSWC)","Internally-managed BDC / 2 SBIC licenses","CAPITAL_DEBT","REFERRAL","A","Dallas","TX","capitalsouthwest.com","SBIC I $217.5M (2021); SBIC II (2025); ~$350M aggregate debenture capacity","First-lien senior secured up to $75M","$3-12M sweet spot","MEDIUM — financed Surge PE's ~$50M White Plains Linen (commercial services); no explicit HVAC statement","Full origination team — NOT a client","~92% sponsor-backed book; SBIC II license 2025","2025","2","CAP-004; CAP-005","High","https://www.capitalsouthwest.com/","Published email and phone. Treat as customer/referral source, never competitor.","","","","","","","","","",""
"ORG-007","Columbia Home Services","Operator-acquirer, PE-backed","OPERATOR_ACQUIRER","CLIENT","A","Dallas","TX","","~$170M+ revenue; ~21 partner companies across 6 states","","","DIRECT — HVAC / plumbing / electrical","PE-backed (Tenex Capital Management + Oxbow Equity Partners) but sourcing bandwidth constrained","Airmax acquisition Oct 2024; formed Sept 2023; near-merger with P1 Service Group at ~12x","2024-10","1","OPR-002","High","https://www.smartbusinessdealmakers.com/dallas/event/speakers/paul-adams/","PE-backed, so qualify whether Tenex supplies origination before pitching depth of engagement.","","","","","","","","","",""
"ORG-008","Genesis Park / GP Capital Partners","SBIC — debt and equity","CAPITAL_DEBT","CLIENT+REFERRAL","A","Houston","TX","genesis-park.com","Fund I $275M (SBIC 2021); GP Capital Partners II $300M oversubscribed (SBIC license Dec 2024)","Debt and equity","LMM","DIRECT — target markets stated as 'business services, industrial services, residential services, manufacturing, distribution'","Small team; SBIC structure","Fund II $300M oversubscribed; SBIC license Dec 2024","2025","1","CAP-003","High","https://www.sba.gov/","Only Tier A target with a published direct email and phone. Does BOTH debt and equity — dual-purpose relationship.","","","","","","","","","",""
"ORG-009","InnoVen Services","Operator-acquirer","OPERATOR_ACQUIRER","CLIENT","A","Dallas","TX","","","Acquiring at 3-6x EBITDA","","DIRECT — HVAC / plumbing / electrical","NO — lean founder team","A.R.I. senior secured term loan to fund roll-up","2024-11","1","OPR-001","High","https://www.businesswire.com/news/home/20241112148058/en/","Highest-fit direct client on the board: DFW + exact vertical + funded + no internal corp dev.","","","","","","","","","",""
"ORG-010","Main Street Capital (NYSE: MAIN)","BDC — one-stop LMM debt + equity","CAPITAL_DEBT","REFERRAL","A","Houston","TX","mainstcapital.com","Public BDC","One-stop debt + equity","Portfolio cos ~$10-150M revenue","DIRECT — Batjer & Associates (Abilene TX HVAC/plumbing, $15.1M); Q3 2025 $27.6M first-lien to HVAC/plumbing installer","Yes — full origination","Repeat Texas HVAC/plumbing lending","2025-Q3","2","CAP-006; CAP-007","High","https://www.mainstcapital.com/team/executive-committee","Strongest documented trade-lending track record of any Texas BDC.","","","","","","","","","",""
"ORG-011","Monroe Capital","Senior / unitranche private credit","CAPITAL_DEBT","REFERRAL","A","Chicago","IL","monroecap.com","","Senior/unitranche","$3-35M borrower EBITDA","STRONGEST — Nelbud/360 Services ($14.5M, kitchen fire prevention/protection); Helton Electrical (2026); Interstate AC Service (HVAC/plumbing/building automation)","Origination team","Repeat trade lending incl. fire & life safety","2026","1","CAP-011","High on firm / None on individual","https://monroecap.com/financing-solutions/","Highest vertical alignment of any lender identified. Worth the research effort to name the right person.","","","","","","","","","",""
"ORG-012","Rosewood Private Investments","Single family office (Caroline Hunt Trust Estate)","FAMILY_OFFICE","CLIENT","A","Dallas","TX","rosewoodpi.com","$1B+ (Rosewood Corp)","","","DIRECT — FIRE & LIFE SAFETY (Eagle Fire platform); industrial/environmental services","Small team","Eagle Fire add-ons Liberty Fire and Pro-Tec; Eagle Fire subsequently sold to Cobepa","2023-10","1","FO-001","High","https://rosewoodpi.com/the-rosewood-difference/","Best combination on the entire board: DFW + beachhead vertical + proven platform + lean team.
[2026-08-19 verification pass / P2-032] Own site (/the-rosewood-difference/): 'the private equity arm of the Rosewood Corporation, a multi-billion dollar, family-owned enterprise headquartered in Dallas, Texas,' 'wholly owned by the Caroline Hunt Trust Estate,' 'a stable, evergreen source of capital'; site news names Derry Burns, Director (Eagle Fire acquisitions). Funnel row P2-032 merged: 20 platforms, evergreen, industrial services.","P2_FAMILY_OFFICE","","industrial_services","TX","20","yes","","","VERIFIED","2026-08-19"
"ORG-013","Serata Capital Partners / Calidant Capital","Independent sponsor","IND_SPONSOR","CLIENT","A","Austin","TX","","","$10-30M checks historically","","MEDIUM — business services","NO dedicated BD","iGlobal ISS speaker; 15+ yrs PE incl. ORIX, Pharos, Shoreline","2026","1","IS-001","High","https://www.iglobalforum.com/","","P3_INDEPENDENT_SPONSOR","","","","","","","","",""
"ORG-014","Surge Private Equity","Family office / LMM buyout","FAMILY_OFFICE","CLIENT","A","Dallas","TX","surgepe.com","","","$2-7.5M","MEDIUM-HIGH — business services, healthcare, tech-enabled services; recurring-revenue thesis","Small team","White Plains Linen ~$50M+ investment","2025-08","1","FO-004","High","https://surgepe.com/","Dallas + active + lean team + clean thesis fit.","P2_FAMILY_OFFICE","","","","","","","","",""
"ORG-015","Texas HVAC services platform (name undisclosed)","Operator-led independent sponsor","OPERATOR_ACQUIRER","CLIENT","A","Navasota","TX","","","","","DIRECT — HVAC","NO","Inaugural controlled buyout of a Texas HVAC business closed","2026-07","1","OPR-004","Medium (single source)","https://finance.yahoo.com/small-business/articles/raises-com-r-advises-successful-223000367.html","Distinct from unrelated same-name individuals. Structure was equity-light with institutional senior credit.","","","","","","","","","",""
"ORG-016","User Friendly Home Services","Operator-acquirer","OPERATOR_ACQUIRER","CLIENT","A","The Woodlands","TX","","19+ companies, ~$40M revenue","","","DIRECT — HVAC / plumbing","NO","19+ acquisitions as of Mar 2025","2025-03","1","OPR-003","Medium-High","https://www.craftflow.com/dossier/what-companies-has-user-friendly-home-services-acquired","Clearest single-sentence value proposition of any target on the board.","","","","","","","","","",""
"ORG-017","Weil Gotshal","PE law firm / family office network node","REFERRAL_LEGAL","REFERRAL","A","Dallas","TX","weil.com","","","","N/A — network node","N/A","Advises PE sponsors and family offices on direct investments; fmr GC Hunt Consolidated","2026","1","REF-002","High","https://www.acg.org/dfw","Unlocks FO-001, FO-006, FO-007, FO-012. Treat as a gateway, not a single contact.","","","","","","","","","",""
"ORG-018","A.G. Hill Partners","Single family office (H.L. Hunt descendants)","FAMILY_OFFICE","CLIENT","B","Dallas","TX","","","","","LOW-MEDIUM — real estate / PE / energy","Unknown","Co-invests in direct deals (PureWest)","2025","1","FO-006","Medium","https://praxisrock.com/resources/investors/family-offices-dallas","","P2_FAMILY_OFFICE","","","","","","","","",""
"ORG-019","A.R.I. (Applied Real Intelligence) Senior Secured Growth Credit Fund","Private credit — senior secured term loans","CAPITAL_DEBT","REFERRAL","B","","","","","Senior secured term loans / structured equity","","DIRECT — financed InnoVen Services (Dallas HVAC/plumbing/electrical roll-up)","N/A — lender","Financed InnoVen; also facilitated their equity raise","2024-11","1","CAP-008","Medium-High","https://www.businesswire.com/news/home/20241112148058/en/","Dual-role lender/capital-formation. Do not disclose anything from an InnoVen conversation.","","","","","","","","","",""
"ORG-020","CAMCO Investment Group","Family office / acquirer","OPERATOR_ACQUIRER","CLIENT","B","Dallas","TX","camcoig.com","","","","MEDIUM — real-estate heavy, expanding into operating companies","Has a Director of Acquisitions (see OPR-007)","Expanding from RE into operating-business acquisitions","2025","2","OPR-006; OPR-007","Medium","https://camcoig.com/","","","","","","","","","","",""
"ORG-021","Calvetti Ferguson (now Cherry Bekaert)","QofE / transaction advisory","REFERRAL_ACCOUNTING","REFERRAL","B","Houston / Dallas / Fort Worth","TX","cbh.com","","","","N/A","","Buy-side QofE practice, no success fee","2026","1","REF-016","Medium-High","https://calvettiferguson.com/services/quality-of-earnings/","No-success-fee alignment mirrors THE LINE — a natural conversation.","","","","","","","","","",""
"ORG-022","CapitalPad","Independent-sponsor co-investment aggregator","CAPITAL_EQUITY","REFERRAL","B","Austin","TX","capitalpad.com","","$1-2.5M direct, aggregated via SPV","$1-7M (EV $5-30M)","DIRECT — explicitly likes residential and commercial services, route-based","Post-LOI co-investor","Charges sponsors NO fees; high sponsor throughput","2025","1","CAP-015","High on firm / None on individual","https://capitalpad.com/","[2026-08-18 client-register-v1 / P5-003] BEST P5 FIT: target industries explicitly listed incl. home services, facilities management, light manufacturing, commercial cleaning, specialty distribution.","P5_SEARCH_FUND_INVESTOR","","facilities_services|residential_hvac","","","yes","NONE","","VERIFIED","2026-08-17"
"ORG-023","Cherry Bekaert","Transaction advisory","REFERRAL_ACCOUNTING","REFERRAL","B","Dallas","TX","cbh.com","","","","N/A","","Dallas market leader","2026","2","REF-017; REF-018","High","https://www.cbh.com/","","","","","","","","","","",""
"ORG-024","Dauntless Capital Partners","LMM PE","LMM_PE","CLIENT","B","Dallas","TX","","","","","MEDIUM — business services / manufacturing / defense / industrial tech","Lean partnership","Control buyouts","2025","1","PE-003","Medium on firm / None on individual","https://www.axial.net/","","P1_PE","","","","","","","","",""
"ORG-025","Engage PEO","Services","REFERRAL_BANKING","REFERRAL","B","Dallas","TX","","","","","N/A","","ACG DFW board — membership","2026","1","REF-015","High","https://www.acg.org/dfw","First ACG contact chronologically.","","","","","","","","","",""
"ORG-026","First Citizens Bank","Lender","REFERRAL_BANKING","REFERRAL","B","Dallas","TX","","","","","N/A","","ACG DFW board","2026","1","REF-011","High","https://www.acg.org/dfw","Disproportionate practical value for a first-year member.","","","","","","","","","",""
"ORG-027","FirstCall Mechanical Group","Operator-acquirer, PE-backed (SkyKnight Capital)","OPERATOR_ACQUIRER","CLIENT","B","Austin","TX","firstcallmechanical.com","SkyKnight >$2.5B AUM","","","DIRECT — commercial HVAC / refrigeration / electrical / plumbing","PE-backed; verify internal BD before pitching","Private-credit senior secured facility upsized Sept 2025","2025-09","1","OPR-005","High","https://www.achrnews.com/articles/152616-skyknight-capital-launches-firstcall-mechanical-group-with-three-acquisitions","Commercial MEP fit; Austin not DFW.
prior source_url (2026-08-18): https://www.businesswire.com/
[2026-08-18 client-register-v1 / P4-021] LC Anderson (Aug 2025); CLS Facility Services. Texas HQ.","P4_PLATFORM","SkyKnight Capital","commercial_hvac|commercial_mep|building_automation|commercial_electrical","TX|FL|MA","","yes","T3","2025-08-27","VERIFIED","2026-08-17"
"ORG-028","Forvis Mazars US","Accounting / transaction advisory","REFERRAL_ACCOUNTING","REFERRAL","B","Dallas","TX","","","","","N/A","","ACG DFW board","2026","1","REF-007","High","https://www.acg.org/dfw","","","","","","","","","","",""
"ORG-029","Gittemeier Ventures","Single family office","FAMILY_OFFICE","CLIENT","B","Dallas","TX","","","","$1-5M","MEDIUM — Texas buy-and-hold","NO","Texas buy-and-hold acquisition mandate","2025","1","FO-011","Medium (identity inferred)","https://www.axial.net/","","P2_FAMILY_OFFICE","","","","","","","","",""
"ORG-030","Gulf Coast Small Business Lending (Gulf Coast Bank & Trust)","SBA 7(a) national PLP","CAPITAL_SBA","REFERRAL","B","Dallas","TX","gulfcoastsba.com","","","","Nationwide PLP; veteran program","N/A","Dallas-based national SBA PLP division","2026","1","SBA-003","High on firm / None on individual","https://gulfcoastsba.com/","Only DFW-headquartered SBA lender identified.","","","","","","","","","",""
"ORG-031","Hancock Whitney","Lender","REFERRAL_BANKING","REFERRAL","B","Dallas","TX","","","","","N/A","","ACG DFW board","2026","1","REF-010","High","https://www.acg.org/dfw","","","","","","","","","","",""
"ORG-032","Helium Capital","Independent sponsor","IND_SPONSOR","CLIENT","B","Houston","TX","","","","","DIRECT-ADJACENT — MRO facilities and industrial field services","NO","MRO / industrial field services focus","2025","1","IS-010","High on firm / None on individual","https://www.axial.net/","Strong fit; worth the naming effort.","P3_INDEPENDENT_SPONSOR","","","","","","","","",""
"ORG-033","Hersh Family Investments","Single family office","FAMILY_OFFICE","CLIENT","B","Dallas","TX","hershfi.com","","","","MEDIUM — industrial / energy / direct PE","Unknown","Direct industrial investing","2025","1","FO-007","Medium","https://hershfi.com/","Profile height means a cold approach burns the shot.","P2_FAMILY_OFFICE","","","","","","","","",""
"ORG-034","HighVista Strategies","Emerging-manager / deal-by-deal sponsor backer","CAPITAL_EQUITY","REFERRAL","B","Boston","MA","","","","","LMM generalist","Allocator","Tracks approximately 700 independent sponsors","2025","1","CAP-016","Medium-High","https://www.themiddlemarket.com/","Out of state but uniquely high network value.","","","","","","","","","",""
"ORG-035","Institute of Global Competitiveness","PE network","REFERRAL_BANKING","REFERRAL","B","Dallas","TX","","","","","N/A","N/A","ACG DFW board","2026","1","REF-005","High","https://www.acg.org/dfw","","","","","","","","","","",""
"ORG-036","Labora","Single family office","FAMILY_OFFICE","CLIENT","B","Dallas","TX","labora.com","","","","MEDIUM-HIGH — electrical/solar distribution, real estate, PE","Unknown","Electrical-materials distribution holdings","2025","1","FO-008","Medium","https://labora.com/","","P2_FAMILY_OFFICE","","","","","","","","",""
"ORG-037","Live Oak Bank (NASDAQ: LOB)","SBA 7(a) lender — #1 by dollar FY2025","CAPITAL_SBA","REFERRAL","B","Wilmington","NC","","2,280 7(a) approvals, $2.8B FY2025","","","Vertical-underwriting acquisition specialist; 700+ credit; 30-60 day close","N/A","Reclaimed #1 SBA 7(a) position by dollar volume","2025-09","1","SBA-001","High on firm / None on individual","https://www.sba.gov/","","","","","","","","","","",""
"ORG-038","Lynch Holdings","Single family office","FAMILY_OFFICE","CLIENT","B","Dallas","TX","","","","","DIRECT — explicit FIRE PROTECTION mandate plus early-stage tech","Unknown","Stated fire-protection investment mandate","2025","1","FO-012","High on mandate / None on individual","https://praxisrock.com/resources/investors/family-offices-dallas","Beachhead vertical match. Highest-value name-resolution task in the research queue.","P2_FAMILY_OFFICE","","","","","","","","",""
"ORG-039","National Fire & Safety (Highview Capital)","PE-backed platform","OPERATOR_ACQUIRER","CLIENT","B","","","","","","","DIRECT — FIRE & LIFE SAFETY; acquired Maxim Fire Systems and Texas Fire Alarm in DFW","PE-backed; verify","Two DFW fire & life safety acquisitions","2025","1","OPR-009","Medium-High","https://highviewcapital.com/portfolio/national-fire-safety/","Beachhead vertical + proven DFW appetite.
prior source_url (2026-08-18): https://highviewcap.com/
[2026-08-18 client-register-v1 / P4-035] 7 Western states. Frontier Fire Protection (Aug 2025), Elite FPS, RCI Systems. HQ and domain not verified.","P4_PLATFORM","Highview Capital","fire_life_safety","","","unknown","T3","2025-08-01","VERIFIED","2026-08-17"
"ORG-040","Oak Legacy Management","Single family office","FAMILY_OFFICE","CLIENT","B","Dallas","TX","oaklegacy-us.com","","VC + LMM","industry-agnostic","LOW-MEDIUM — industry agnostic","Lean team","5-10 deals per year","2025","1","FO-005","Medium","https://oaklegacy-us.com/","High deal cadence is the qualifying signal.","P2_FAMILY_OFFICE","","","","","","","","",""
"ORG-041","Palo Duro Capital","LMM PE","LMM_PE","CLIENT","B","Dallas","TX","palodurocapital.com","","","","MEDIUM — industry-specialized LMM buyouts","Small team","Industry-specialized LMM buyouts","2025","1","PE-002","Medium on firm / None on individual","https://palodurocapital.com/","","P1_PE","","","","","","","","",""
"ORG-042","Pangea's Edge","Single family office","FAMILY_OFFICE","CLIENT","B","Addison","TX","pangeasedge.com","","","","LOW-MEDIUM — control and minority; PE/RE/energy","Unknown","THIN — recent direct activity not confirmed","","1","FO-009","Low-Medium","https://pangeasedge.com/","","P2_FAMILY_OFFICE","","","","","","","","",""
"ORG-043","Peninsula Capital Partners","Junior debt + structured equity","CAPITAL_EQUITY","REFERRAL","B","Southfield","MI","peninsulafunds.com","Fund VIII closed $400M (Sept 2025)","Junior debt + structured equity","LMM","LOW CONFIDENCE — broad industrials/services, no explicit trade statement","Origination team","Fund VIII $400M close","2025-09","1","CAP-009","Medium","https://peninsulafunds.com/","Out of state. Vertical fit unproven — verify before prioritizing.","","","","","","","","","",""
"ORG-044","Plexus Capital","Structured debt + equity co-invest","CAPITAL_EQUITY","REFERRAL","B","Raleigh / Charlotte","NC","plexuscap.com","Fund VII $977M","Debt + equity co-invest","$2-15M","DIRECT — Century Mechanical (HVAC home services); Climate Efficiency Partners","Origination team","Explicit HVAC/home-services portfolio; backs independent sponsors and search funds","2025","1","CAP-010","High on firm / None on individual","https://plexuscap.com/company/century-mechanical/","Do not message until a named person is confirmed. Firm-level record only.","","","","","","","","","",""
"ORG-045","RSM","Accounting / transaction advisory","REFERRAL_ACCOUNTING","REFERRAL","B","Dallas","TX","","","","","N/A","","ACG DFW board","2026","1","REF-008","High","https://www.acg.org/dfw","","","","","","","","","","",""
"ORG-046","SR Capital Advisors","Independent sponsor","IND_SPONSOR","CLIENT","B","","","","","","","MEDIUM-HIGH — infrastructure services (J5 Infrastructure)","NO","17 PE investments","2026","1","IS-004","Medium-High","https://www.iglobalforum.com/","","P3_INDEPENDENT_SPONSOR","","","","","","","","",""
"ORG-047","SeatonHill Partners","Fractional CFO","REFERRAL_ACCOUNTING","REFERRAL","B","Fort Worth","TX","","","","","N/A","","ACG DFW board","2026","1","REF-009","High","https://www.acg.org/dfw","","","","","","","","","","",""
"ORG-048","SixFive Partners","Operator-led independent sponsor","IND_SPONSOR","CLIENT","B","","TX","","","$5-50M revenue targets","$2-10M","MEDIUM-HIGH — commercial and industrial service businesses","NO","Acquires commercial/industrial service businesses; founders become CEO","2025","2","IS-002; IS-003","Medium-High","https://www.axial.net/","","P3_INDEPENDENT_SPONSOR","","","","","","","","",""
"ORG-049","Sky Island Capital","LMM PE","LMM_PE","CLIENT","B","Dallas","TX","","","","","LOW-MEDIUM — North American niche manufacturing control deals","Small team — no dedicated BD identified","Control deals plus add-ons; founded 2018","2025","1","PE-001","Medium on firm / None on individual","https://www.axial.net/","Manufacturing focus is off-beachhead.","P1_PE","","","","","","","","",""
"ORG-050","Strait Lane Capital Partners","Single family office","FAMILY_OFFICE","CLIENT","B","Dallas","TX","straitlanecapital.com","","","","MEDIUM — diversified direct acquisitions","Small team","Makosi acquisition","2026-01","1","FO-010","Medium","https://straitlanecapital.com/","","P2_FAMILY_OFFICE","","","","","","","","",""
"ORG-051","Sunflower Bank","Lender","REFERRAL_BANKING","REFERRAL","B","Dallas","TX","","","","","N/A","","ACG DFW board; incoming president","2026","1","REF-006","High","https://www.acg.org/dfw","Long-horizon value: she will run the chapter next.","","","","","","","","","",""
"ORG-052","UrbanBuild (Bauer Investments)","Operator-acquirer","OPERATOR_ACQUIRER","CLIENT","B","Austin","TX","","","","","DIRECT — HVAC / plumbing","Unknown","We Cool LLC controlling stake; launching multi-trade services division","2026-02","1","OPR-008","Low-Medium","","Do NOT message until the individual is confirmed.","","","","","","","","","",""
"ORG-053","Whitley Penn","Accounting / deal advisory","REFERRAL_ACCOUNTING","REFERRAL","B","Fort Worth","TX","whitleypenn.com","","","","N/A","","Fort Worth deal advisory practice","2026","1","REF-019","Medium-High","https://www.whitleypenn.com/","Better to find the practice lead than start at CEO.","","","","","","","","","",""
"ORG-054","AEC Equities, Inc.","Independent sponsor","IND_SPONSOR","CLIENT","C","","TX","","","","","MEDIUM-HIGH — infrastructure / engineering / construction platforms","Unknown","Infrastructure and construction platform focus","2025","1","IS-012","Medium on firm / None on individual","https://www.axial.net/","","P3_INDEPENDENT_SPONSOR","","","","","","","","",""
"ORG-055","Acharya Capital Partners","Independent sponsor","IND_SPONSOR","CLIENT","C","New York","NY","","","","","LOW-MEDIUM — generalist","NO","Active in the independent sponsor community","2026","1","IS-005","Medium","","","P3_INDEPENDENT_SPONSOR","","","","","","","","",""
"ORG-056","Apex Service Partners (Alpine/Partners Group/Apollo)","PE-backed platform / institutional sponsor","ECOSYSTEM","ECOSYSTEM_DO_NOT_PITCH","C","","","","","","","HVAC/plumbing/electrical","YES — dedicated origination/BD","Active institutional acquirer","2026","2","ECO-005; ECO-006","High","","75 local brands, 46 states, 13,000+ employees, $3B+ revenue. Fully resourced. Register intelligence and exit-buyer intelligence only.","","","","","","","","","",""
"ORG-057","BASE Equity Partners","Independent sponsor","IND_SPONSOR","CLIENT","C","New York","NY","","","","","LOW — generalist","NO","iGlobal ISS speaker; operator background","2026","1","IS-009","Medium","https://www.iglobalforum.com/","","P3_INDEPENDENT_SPONSOR","","","","","","","","",""
"ORG-058","Bernstein Private Wealth Management, Dallas","Wealth management","REFERRAL_WEALTH","REFERRAL","C","Dallas","TX","","","","","N/A","","Advises business owners","2026","1","REF-021","Medium","","CAUTION: wealth-manager relationships can drift toward sell-side referrals. Decline those.","","","","","","","","","",""
"ORG-059","Braes Bayou Company","Independent sponsor","IND_SPONSOR","CLIENT","C","","TX","","","","","MEDIUM — founder-led B2B service businesses","NO","Raises deal-by-deal","2025","1","IS-011","Medium on firm / None on individual","https://www.axial.net/","","P3_INDEPENDENT_SPONSOR","","","","","","","","",""
"ORG-060","Byline Bank","SBA 7(a) lender + sponsor senior cash-flow finance","CAPITAL_SBA","REFERRAL","C","Chicago","IL","","","","","Also does independent-sponsor senior cash-flow financing","N/A","Top-tier 7(a) plus sponsor lending","2026","1","SBA-004","Medium on firm / None on individual","","","","","","","","","","","",""
"ORG-061","CBIZ","Accounting","REFERRAL_ACCOUNTING","REFERRAL","C","Dallas","TX","","","","","N/A","","ACG DFW board","2026","1","REF-014","High","https://www.acg.org/dfw","","","","","","","","","","",""
"ORG-062","CIBC Bank USA","Lender","REFERRAL_BANKING","REFERRAL","C","Dallas","TX","","","","","N/A","","ACG DFW board","2026","1","REF-012","High","https://www.acg.org/dfw","","","","","","","","","","",""
"ORG-063","Cascadily LLC","Independent sponsor","IND_SPONSOR","CLIENT","C","","","","","","$5M+ revenue / $1M+ EBITDA","LOW — education sector","NO","iGlobal ISS speaker","2026","1","IS-007","Medium","https://www.iglobalforum.com/","Included for completeness only.","P3_INDEPENDENT_SPONSOR","","","","","","","","",""
"ORG-064","CenterOak Partners","PE-backed platform / institutional sponsor","ECOSYSTEM","ECOSYSTEM_DO_NOT_PITCH","C","","","","","","","Services/industrials","YES — dedicated origination/BD","Active institutional acquirer","2026","2","ECO-001; ECO-002","High","","Has a dedicated BD partner — the disqualifying signal. Reframe as referral peer and potential exit buyer.","","","","","","","","","",""
"ORG-065","Centerfield Capital / Centerfield","Independent sponsor","IND_SPONSOR","CLIENT","C","","","","","","","LOW-MEDIUM","NO","Independent sponsor community","2026","1","IS-006","Low-Medium","","","P3_INDEPENDENT_SPONSOR","","","","","","","","",""
"ORG-066","Cobepa","PE-backed platform / institutional sponsor","ECOSYSTEM","ECOSYSTEM_DO_NOT_PITCH","C","","","","","","","Fire & life safety","YES — dedicated origination/BD","Active institutional acquirer","2026","1","ECO-008","High","","Bought Eagle Fire from Rosewood. Fire & life safety exit-buyer intelligence.","","","","","","","","","",""
"ORG-067","DPO&Co commercial HVAC platform","PE-backed platform","OPERATOR_ACQUIRER","ECOSYSTEM_DO_NOT_PITCH","C","","","","","","","DIRECT — commercial HVAC","LIKELY YES — 20 deals in 22 months implies a built origination machine","20 acquisitions in 22 months","2025","1","OPR-010","Medium","","Deal velocity is the disqualifier — they already solved sourcing.","","","","","","","","","",""
"ORG-068","Farlie Turner & Co","LMM investment bank","REFERRAL_BANKING","REFERRAL","C","","","","","","","N/A","","LMM M&A advisory","2026","1","REF-020","Medium","","","","","","","","","","","",""
"ORG-069","Ferghana Investment Partners","Investor","REFERRAL_BANKING","REFERRAL","C","Dallas","TX","","","","","N/A","","ACG DFW board","2026","1","REF-013","High","https://www.acg.org/dfw","","","","","","","","","","",""
"ORG-070","Gupta Capital Group","Single family office","FAMILY_OFFICE","CLIENT","C","Dallas","TX","guptacapitalgroup.com","","","","MEDIUM — steel/metals manufacturing and distribution, control PE","Unknown","Industrial control buyouts","2025","1","FO-013","Medium on firm / None on individual","https://guptacapitalgroup.com/","","P2_FAMILY_OFFICE","","","","","","","","",""
"ORG-071","Huntington National Bank (NASDAQ: HBAN)","SBA 7(a) lender — #1 by loan count FY2025","CAPITAL_SBA","REFERRAL","C","Columbus","OH","",">6,000 7(a) approvals FY2025; top by count 7 consecutive years","","","Generalist; strong Midwest/Mid-Atlantic; 1.90% acquisition default rate","N/A","Highest 7(a) loan count nationally","2025-09","1","SBA-002","High on firm / None on individual","https://www.sba.gov/","","","","","","","","","","",""
"ORG-072","Legacy Service Partners (Gridiron Capital)","PE-backed platform / institutional sponsor","ECOSYSTEM","ECOSYSTEM_DO_NOT_PITCH","C","","","","","","","HVAC/plumbing/electrical","YES — dedicated origination/BD","Active institutional acquirer","2026","1","ECO-011","High","","50+ brand target across HVAC/plumbing/electrical. Fully resourced.","","","","","","","","","",""
"ORG-073","OMERS Private Equity","PE-backed platform / institutional sponsor","ECOSYSTEM","ECOSYSTEM_DO_NOT_PITCH","C","","","","","","","Commercial HVAC","YES — dedicated origination/BD","Active institutional acquirer","2026","1","ECO-009","High","","Pueblo Mechanical sponsor; three Texas add-ons. Register intelligence.","","","","","","","","","",""
"ORG-074","Prodos Capital","Independent sponsor","IND_SPONSOR","CLIENT","C","New York","NY","","","","","LOW — generalist","NO","iGlobal ISS speaker","2026","1","IS-008","Medium","https://www.iglobalforum.com/","","P3_INDEPENDENT_SPONSOR","","","","","","","","",""
"ORG-075","Pueblo Mechanical & Controls (OMERS)","PE-backed platform","OPERATOR_ACQUIRER","ECOSYSTEM_DO_NOT_PITCH","C","Phoenix","AZ","","","","","DIRECT — commercial HVAC; Texas add-ons Climate Solutions (Austin), Evolution Mechanical (Dallas-area), Infinity Contractors (Fort Worth)","OMERS-backed, institutional origination","Three Texas add-ons","2025","1","OPR-011","High","https://www.omers.com/","Feeds the DFW consolidator register directly.","","","","","","","","","",""
"ORG-076","Redwood Services (Altas Partners)","PE-backed platform / institutional sponsor","ECOSYSTEM","ECOSYSTEM_DO_NOT_PITCH","C","","","","","","","Home services","YES — dedicated origination/BD","Active institutional acquirer","2026","1","ECO-010","High","","~$1.1B, ~17x on ~$65M EBITDA Q2 2025. Fully resourced.","","","","","","","","","",""
"ORG-077","SkyKnight Capital","PE-backed platform / institutional sponsor","ECOSYSTEM","ECOSYSTEM_DO_NOT_PITCH","C","San Francisco","CA","skyknightcapital.com","","","","Commercial MEP","YES — dedicated origination/BD","Active institutional acquirer","2026","1","ECO-007","High","https://www.achrnews.com/articles/152616-skyknight-capital-launches-firstcall-mechanical-group-with-three-acquisitions","Sponsor behind FirstCall (OPR-005). Approach only as the gate to FirstCall, not as a client.
[2026-08-18 client-register-v1 / P1-052] Launched FirstCall Mechanical Group (Austin, TX).","P1_PE","","commercial_hvac|commercial_mep|commercial_electrical","TX","1","yes","T3","2023-02-01","VERIFIED","2026-08-17"
"ORG-078","Sole Source Capital","PE-backed platform / institutional sponsor","ECOSYSTEM","ECOSYSTEM_DO_NOT_PITCH","C","","","","","","","Industrials","YES — dedicated origination/BD","Active institutional acquirer","2026","1","ECO-004","High","","Internal M&A head. Ecosystem only.","","","","","","","","","",""
"ORG-079","Star Mountain Capital","Direct credit + structured equity, SBIC heritage","CAPITAL_DEBT","REFERRAL","C","New York","NY","starmountaincapital.com","","","LMM, >=$15M revenue","LOW — no trade-specific statement","Yes","","","2","CAP-013; CAP-014","Medium","https://starmountaincapital.com/team/brett-hickey/","","","","","","","","","","",""
"ORG-080","TPG Twin Brook Capital Partners","Senior debt, sponsor-led","CAPITAL_DEBT","REFERRAL","C","Chicago","IL","twincp.com","","","$3-50M, emphasis <=$25M","LOW/MEDIUM — broad mandate, no trade-specific statement","Yes","","","1","CAP-012","Medium","https://twincp.com/team","Included for completeness. Low conviction.","","","","","","","","","",""
"ORG-081","Trinity Hunt Partners","PE-backed platform / institutional sponsor","ECOSYSTEM","ECOSYSTEM_DO_NOT_PITCH","C","Dallas","TX","trinityhunt.com","","","","Services","YES — dedicated origination/BD","Active institutional acquirer","2026","1","ECO-003","High","https://www.businesswire.com/news/home/20260204186977/en/","Dedicated origination function plus direct-sourcing associates. Do not pitch.
[2026-08-18 client-register-v1 / P1-058] Backs Averon Group (national HVAC distribution).","P1_PE","","residential_hvac|commercial_hvac|energy_services","TX","1","yes","T2","2026-02-04","VERIFIED","2026-08-17"
"ORG-082","AE Industrial Partners","","CAPITAL_EQUITY","CLIENT","B","Boca Raton","FL","aeroequity.com","","","","","","T3","2026-01-20","0","","","https://www.businesswire.com/news/home/20260120089736/en/","[2026-08-18 client-register-v1 / P1-001] United Building Solutions (DFW Mechanical, Wylie TX, Jan 2026); Altus Fire and Life Safety.","P1_PE","","fire_life_safety|commercial_hvac|commercial_mep","GA|TX","2","yes","T3","2026-01-20","VERIFIED","2026-08-17"
"ORG-083","Align Capital Partners","","CAPITAL_EQUITY","CLIENT","B","Cleveland","OH","aligncp.com","$770M Fund IV final close 2026-06-15; ~$1.1B+ incl. Collaborate Fund II","","","","","T2","2026-06-15","0","","","https://aligncp.com/","[2026-08-18 client-register-v1 / P1-003] Dallas office. 40 platforms / 145 add-ons since 2016. Open BD VP role = T5 signal alongside T2.","P1_PE","","facilities_services|industrial_services","TX","0","yes","T2","2026-06-15","VERIFIED","2026-08-17"
"ORG-084","Alpine Investors","","CAPITAL_EQUITY","CLIENT","C","San Francisco","CA","alpine-investors.com","$18.8B AUM (Alpine, 2026-02-11)","","","","","T3","2025","0","","","https://ctacquisitions.com/guides/private-equity-hvac-2026/","[2026-08-18 client-register-v1 / P1-004] Most active HVAC sponsor. Backs Apex, Vertex, Astra/Orion. Offices SF/NY/Austin.","P1_PE","","residential_hvac|residential_plumbing|residential_electrical|roofing|commercial_hvac","","4","unknown","T3","2025","VERIFIED","2026-08-17"
"ORG-085","Bernhard Capital Partners","","CAPITAL_EQUITY","CLIENT","B","Baton Rouge","LA","bernhardcapital.com","~$6B AUM (BCP, 2026)","","","","","T3","2026-08-12","0","","","https://www.bernhardcapital.com/bcp-backed-united-utility-services-completes-acquisition-of-bhi-power-delivery/","[2026-08-18 client-register-v1 / P1-013] TechServ (Tyler, TX) platform Jun 2025, 850+ employees, 21 states. Formed United Utility (sold to Sandbrook); Optimum Energy Co.","P1_PE","","energy_services|utility_services","TX","2","yes","T3","2026-08-12","VERIFIED","2026-08-17"
"ORG-086","Goldman Sachs Alternatives","","CAPITAL_EQUITY","CLIENT","C","New York","NY","goldmansachs.com","","","","","","T3","2024-11-10","0","","","https://ctacquisitions.com/guides/private-equity-hvac-2026/","[2026-08-18 client-register-v1 / P1-022] Nov 2024 majority recap of Sila from Morgan Stanley Capital Partners; reported ~$1.7B / ~17x.","P1_PE","","residential_hvac|residential_plumbing|residential_electrical","","1","unknown","T3","2024-11-10","VERIFIED","2026-08-17"
"ORG-087","Greenbelt Capital Partners","","CAPITAL_EQUITY","CLIENT","B","Austin","TX","greenbeltcap.com","","","","","","T3","2026-03-11","0","","","https://www.orix.com/deals/greenbelt-capital-partners-agrees-to-acquire-peak-utility-services-group-from-orix-capital-partners/","[2026-08-18 client-register-v1 / P1-023] Definitive agreement to acquire Peak Utility Services from ORIX.","P1_PE","","utility_services|energy_services","CO","1","yes","T3","2026-03-11","VERIFIED","2026-08-17"
"ORG-088","Highview Capital","","CAPITAL_EQUITY","CLIENT","B","Los Angeles","CA","highviewcapital.com","","","","","","T3","2025-08-01","0","","","https://highviewcapital.com/portfolio/national-fire-safety/","[2026-08-18 client-register-v1 / P1-029] National Fire & Safety (7 Western states).","P1_PE","","fire_life_safety","","1","unknown","T3","2025-08-01","VERIFIED","2026-08-17"
"ORG-089","Huron Capital","","CAPITAL_EQUITY","CLIENT","C","Detroit","MI","huroncapital.com","","","","","","T3","2024-07-23","0","","","https://www.huroncapital.com/news/huron-capital-launches-rampart-exterior-servicestm-to-provide-commercial-roofing-and-exterior-services/","[2026-08-18 client-register-v1 / P1-030] ExecFactor buy-and-build. Exigent, Rampart Exterior, RK Electric/Criticore.","P1_PE","","commercial_hvac|commercial_mep|building_automation|commercial_electrical|roofing","","3","unknown","T3","2024-07-23","VERIFIED","2026-08-17"
"ORG-090","IMB Partners","","CAPITAL_EQUITY","CLIENT","B","Bethesda","MD","imbpartners.com","","","","","","T3","2026-07-01","0","","","https://www.businesswire.com/news/home/20220315005268/en/","[2026-08-18 client-register-v1 / P1-031] Utility/govt services. Carr & Duff (2022); Strategic Land Services (2026); Farwest Corrosion.","P1_PE","","utility_services|commercial_electrical","PA","2","unknown","T3","2026-07-01","VERIFIED","2026-08-17"
"ORG-091","L Squared Capital Partners","","CAPITAL_EQUITY","CLIENT","B","Newport Beach","CA","lsquaredcap.com","$2B+ AUM (L Squared, 2026)","","","","","T3","2026-02-24","0","","","https://www.businesswire.com/news/home/20260224862543/en/","[2026-08-18 client-register-v1 / P1-036] Functional Devices (building automation controls). Actively pursuing add-ons.","P1_PE","","building_automation","IN","1","unknown","T3","2026-02-24","VERIFIED","2026-08-17"
"ORG-092","MFG Partners","","CAPITAL_EQUITY","CLIENT","B","New York","NY","mfgpartners.com","","","","","","T3","2025-11-18","0","","","https://www.businesswire.com/news/home/20251118389583/en/","[2026-08-18 client-register-v1 / P1-039] Regency Electric (Denver); CST Utilities (OH). Fund vs fundless status not disclosed.","P1_PE","","commercial_electrical|utility_services","CO|OH","2","unknown","T3","2025-11-18","VERIFIED","2026-08-17"
"ORG-093","ORIX Capital Partners","","CAPITAL_EQUITY","CLIENT","B","New York","NY","orix.com","","","","","","T3","2025-04-11","0","","","https://www.orix.com/deals/greenbelt-capital-partners-agrees-to-acquire-peak-utility-services-group-from-orix-capital-partners/","[2026-08-18 client-register-v1 / P1-044] Peak Utility incl. 5 Star Electric (DFW, ~$108.7M per SEC 8-K) and Superior Pipeline (Fort Worth). Selling Peak to Greenbelt.","P1_PE","","utility_services|energy_services","TX","0","yes","T3","2025-04-11","VERIFIED","2026-08-17"
"ORG-094","Platte River Equity","","CAPITAL_EQUITY","CLIENT","B","Denver","CO","platteriverequity.com","","","","","","T3","2026-01-14","0","","","https://platteriverequity.com/platte-river-equity-announces-the-acquisition-of-building-controls-solutions/","[2026-08-18 client-register-v1 / P1-048] Building Controls & Solutions (Dallas); Team UIS (Jan 2026).","P1_PE","","building_automation|commercial_electrical|utility_services","TX|NC","2","yes","T3","2026-01-14","VERIFIED","2026-08-17"
"ORG-095","Sandbrook Capital","","CAPITAL_EQUITY","CLIENT","B","Stamford","CT","sandbrook.com","","","","","","T3","2025-12-01","0","","","https://www.sandbrook.com/news/sandbrook-announces-acquisition-of-united-utility-services","[2026-08-18 client-register-v1 / P1-050] Acquired United Utility (grid infra) from Bernhard, with Blackstone Credit.","P1_PE","","utility_services|energy_services","","1","unknown","T3","2025-12-01","VERIFIED","2026-08-17"
"ORG-096","The Sterling Group","","CAPITAL_EQUITY","CLIENT","C","Houston","TX","sterling-group.com","","","","","","T3","2024-11-01","0","","","https://sterling-group.com/","[2026-08-18 client-register-v1 / P1-057] L&S Mechanical (Richardson, TX), residential tri-trade MEP new construction, held in Fund IV. QECC add-on Nov 2024.","P1_PE","","commercial_mep|residential_plumbing|residential_electrical","TX","1","yes","T3","2024-11-01","VERIFIED","2026-08-17"
"ORG-097","Voyager Interests","","CAPITAL_EQUITY","CLIENT","B","Houston","TX","voyagerinterests.com","","","","","","T3","2025-03-17","0","","","https://voyagerinterests.com/","[2026-08-18 client-register-v1 / P1-060] Tejas Completion Services (Midland, TX), specialty pumping. Majority investment Mar 2025.","P1_PE","","energy_services","TX","1","yes","T3","2025-03-17","VERIFIED","2026-08-17"
"ORG-098","Hoban Family Office","","FAMILY_OFFICE","CLIENT","C","","","hobanfamilyoffice.com","","","","","","NONE","","0","","","https://hobanfamilyoffice.com/direct-investments/","[2026-08-18 client-register-v1 / P2-014] SFO with direct-investment mandate: RE, operating businesses, PE/angel.","P2_FAMILY_OFFICE","","other","","","unknown","NONE","","VERIFIED","2026-08-17"
"ORG-099","Pritzker Private Capital","","FAMILY_OFFICE","CLIENT","A","Chicago","IL","ppcpartners.com","$3.4B (PPC IV final close 2025-08-19)","","","","","T2","2025-08-19","0","","","https://www.ppcpartners.com/","[2026-08-18 client-register-v1 / P2-027] 31 platforms, 110+ add-ons, >$10B deployed. HeartLand (commercial landscaping).","P2_FAMILY_OFFICE","","landscaping|facilities_services|industrial_services","","31","unknown","T2","2025-08-19","VERIFIED","2026-08-17"
"ORG-100","Sunny River Management (SRM Equity Partners)","","FAMILY_OFFICE","CLIENT","C","Atlanta","GA","sunnyrivermanagement.com","","","","","","T3","2025","0","","","https://firesp.com/news/fire-safety-protection-acquires-livingston-fire-protection-inc/","[2026-08-18 client-register-v1 / P2-036] Private family investment firm. Built Fire Safety & Protection (FSP), 8+ acquisitions. Also Palmetto Air & Water Balance (Abilene/Fort Worth/Lubbock).","P2_FAMILY_OFFICE","","fire_life_safety|commercial_hvac","TX","2","yes","T3","2025","VERIFIED","2026-08-17"
"ORG-101","The Brydon Group","","FAMILY_OFFICE","CLIENT","C","Washington","DC","brydon.com","$570M+ total fund AUM (2025-12-31)","","","","","NONE","","0","","","https://www.brydon.com/portfolio","[2026-08-18 client-register-v1 / P2-038] Veteran-founded operator-led permanent capital. 46 acquisitions as of 2026-03-10. $1-5M EBITDA recurring revenue.","P2_FAMILY_OFFICE","","facilities_services","","","unknown","NONE","","VERIFIED","2026-08-17"
"ORG-102","Astara Capital Partners","","IND_SPONSOR","CLIENT","C","New York","NY","astaracapital.com","Astara Capital Fund I","","","","","T3","2025","0","","","https://www.prnewswire.com/news-releases/astara-capital-partners-completes-investment-in-del-air-heating-and-air-conditioning-301670657.html","[2026-08-18 client-register-v1 / P3-004] AMBIGUOUS: Del-Air made from committed Fund I - arguably P1_PE not fundless. Flagged.","P3_INDEPENDENT_SPONSOR","Del-Air","residential_hvac|residential_plumbing|residential_electrical","FL","1","unknown","T3","2025","VERIFIED","2026-08-17"
"ORG-103","Confluence Point Holdings","","IND_SPONSOR","CLIENT","B","Greenwich","CT","confluencepoint.com","","","","","","T3","2025-06-03","0","","","https://www.prnewswire.com/news-releases/confluence-point-acquires-perrys-roofing-launches-eastern-exterior-partners-302470946.html","[2026-08-18 client-register-v1 / P3-012] Perry's Roofing acquisition launched Eastern Exterior Partners Jun 2025. Targets $1-7M EBITDA.","P3_INDEPENDENT_SPONSOR","Eastern Exterior Partners","roofing","NY|CT|NJ","1","unknown","T3","2025-06-03","VERIFIED","2026-08-17"
"ORG-104","Green Heron Partners","","IND_SPONSOR","CLIENT","B","Houston","TX","greenheronpartners.com","","","","","","T3","2026-02-23","0","","","https://www.prnewswire.com/news-releases/green-heron-partners-announces-strategic-investment-in-regency-plumbing-contractors-302694264.html","[2026-08-18 client-register-v1 / P3-019] Confirmed fundless (Aviara placement agent). Regency Plumbing (Houston) Feb 2026.","P3_INDEPENDENT_SPONSOR","","commercial_plumbing|facilities_services","TX","1","yes","T3","2026-02-23","VERIFIED","2026-08-17"
"ORG-105","IX Capital Partners","","IND_SPONSOR","CLIENT","B","Overland Park","KS","ix-partners.com","","","","","","T3","2025-05-15","0","","","https://www.businesswire.com/news/home/20250515946305/en/","[2026-08-18 client-register-v1 / P3-022] PitchBook-labeled fundless sponsor. Teague Electric (KC) May 2025 with Align Collaborate equity.","P3_INDEPENDENT_SPONSOR","Teague Electric","commercial_electrical|utility_services","KS","1","unknown","T3","2025-05-15","VERIFIED","2026-08-17"
"ORG-106","Watchtower Capital Partners","","IND_SPONSOR","CLIENT","C","Charlotte","NC","watchtowercp.com","","","","","","T3","2025","0","","","https://www.prnewswire.com/news-releases/watchtower-capital-partners-completes-first-platform-investment-in-ally-services-301861252.html","[2026-08-18 client-register-v1 / P3-040] Backs Ally Services (Mid-Atlantic). 2025 add-ons: J Hood, Tri-County Aire, Above & Beyond. Founding platform Jun 2023 with Aldine Capital.","P3_INDEPENDENT_SPONSOR","Ally Services","residential_hvac|residential_plumbing","VA|MD|DE","1","unknown","T3","2025","VERIFIED","2026-08-17"
"ORG-107","Averon Group","","OPERATOR_ACQUIRER","CLIENT","A","Dallas","TX","","","","","","","T3","2026-02-04","0","","","https://www.businesswire.com/news/home/20260204186977/en/","[2026-08-18 client-register-v1 / P4-008] National HVAC distribution. Blackhawk Supply (Jun 2025) + Fenco Supply (Feb 2026). Domain not verified.","P4_PLATFORM","Trinity Hunt Partners","energy_services|commercial_hvac","TX","","yes","T3","2026-02-04","VERIFIED","2026-08-17"
"ORG-108","Comfort Systems USA","","OPERATOR_ACQUIRER","CLIENT","A","Houston","TX","comfortsystemsusa.com","NYSE: FIX","","","","","T3","2025-10-01","0","","","https://ctacquisitions.com/guides/private-equity-hvac-2026/","[2026-08-18 client-register-v1 / P4-013] PUBLIC STRATEGIC, not sponsor-backed. Continuous roll-up. J&S Mechanical (UT); Feyen Zylstra + Meisner Electric (Oct 2025). Large in-house corp dev.","P4_PLATFORM","(public company)","commercial_hvac|commercial_mep|commercial_electrical","TX|UT","","yes","T3","2025-10-01","VERIFIED","2026-08-17"
"ORG-109","Eastern Exterior Partners","","OPERATOR_ACQUIRER","CLIENT","B","Greenwich","CT","","","","","","","T3","2025-06-03","0","","","https://www.prnewswire.com/news-releases/confluence-point-acquires-perrys-roofing-launches-eastern-exterior-partners-302470946.html","[2026-08-18 client-register-v1 / P4-016] Residential roofing platform launched on Perry's Roofing Jun 2025. Domain not verified.","P4_PLATFORM","Confluence Point Holdings","roofing","NY|CT|NJ","","unknown","T3","2025-06-03","VERIFIED","2026-08-17"
"ORG-110","Exigent Group","","OPERATOR_ACQUIRER","CLIENT","C","Reston","VA","exigentgroup.com","","","","","","T3","2024-07-23","0","","","https://www.businesswire.com/news/home/20240723945976/en/","[2026-08-18 client-register-v1 / P4-019] Mission-critical mechanical. 7+ acquisitions; Smith-Boughan + EASI Jul 2024.","P4_PLATFORM","Huron Capital","commercial_hvac|commercial_mep|building_automation|commercial_plumbing","OH|MD","","unknown","T3","2024-07-23","VERIFIED","2026-08-17"
"ORG-111","Fire Safety and Protection (FSP)","","OPERATOR_ACQUIRER","CLIENT","C","","","firesp.com","","","","","","T3","2025","0","","","https://firesp.com/news/fire-safety-protection-acquires-livingston-fire-protection-inc/","[2026-08-18 client-register-v1 / P4-020] US/Canada. 8+ acquisitions. Family-office-backed platform - unusual and worth a call.","P4_PLATFORM","Sunny River Management","fire_life_safety","","","unknown","T3","2025","VERIFIED","2026-08-17"
"ORG-112","Foundral","","OPERATOR_ACQUIRER","CLIENT","A","Cleveland","OH","","","","","","","T3","2025-12-04","0","","","https://mcnallycapital.com/our-companies","[2026-08-18 client-register-v1 / P4-023] Union-backed mechanical contracting platform built on Smith & Oby. A. Hattersley & Sons add-on. Family-office-backed. Domain not verified.","P4_PLATFORM","McNally Capital","commercial_hvac|commercial_mep|commercial_plumbing","OH","","unknown","T3","2025-12-04","VERIFIED","2026-08-17"
"ORG-113","Optimum Energy Co.","","OPERATOR_ACQUIRER","CLIENT","A","","","optimumenergyco.com","","","","","","T3","2026-08-12","0","","","https://www.businesswire.com/news/home/20260812343122/en/","[2026-08-18 client-register-v1 / P4-037] Energy-as-a-Service; central plant optimization. Hussung Mechanical Contractors Aug 2026. HQ not verified.","P4_PLATFORM","Bernhard Capital Partners","energy_services|commercial_mep","KY","","unknown","T3","2026-08-12","VERIFIED","2026-08-17"
"ORG-114","Panther Service Group","","OPERATOR_ACQUIRER","CLIENT","A","","","pantherservicegroup.com","","","","","","T2","2026","0","","","https://www.prnewswire.com/news-releases/pearl-street-capital-partners-launches-panther-service-group-a-new-plumbing-hvac-and-electrical-services-platform-focused-in-florida-302731949.html","[2026-08-18 client-register-v1 / P4-039] NEW FL platform founded 2026. No add-ons yet - high origination need. HQ not verified.","P4_PLATFORM","Pearl Street Capital Partners","residential_hvac|residential_plumbing|residential_electrical","FL","","unknown","T2","2026","VERIFIED","2026-08-17"
"ORG-115","Peak Utility Services Group","","OPERATOR_ACQUIRER","CLIENT","A","Broomfield","CO","","","","","","","T3","2026-03-11","0","","","https://www.orix.com/deals/greenbelt-capital-partners-agrees-to-acquire-peak-utility-services-group-from-orix-capital-partners/","[2026-08-18 client-register-v1 / P4-042] ~2,800 employees, 15 states. 5 Star Electric (DFW), Superior Pipeline (Fort Worth). Ownership transferring ORIX to Greenbelt. Domain not verified.","P4_PLATFORM","Greenbelt Capital Partners","utility_services|energy_services","TX","","yes","T3","2026-03-11","VERIFIED","2026-08-17"
"ORG-116","Rampart Exterior Services","","OPERATOR_ACQUIRER","CLIENT","C","","","","","","","","","T3","2025","0","","","https://www.huroncapital.com/news/huron-capital-launches-rampart-exterior-servicestm-to-provide-commercial-roofing-and-exterior-services/","[2026-08-18 client-register-v1 / P4-046] Commercial roofing/exterior. Port Enterprises (TX) partnership. HQ and domain not verified.","P4_PLATFORM","Huron Capital","roofing|facilities_services","TX","","yes","T3","2025","VERIFIED","2026-08-17"
"ORG-117","Regency Electric","","OPERATOR_ACQUIRER","CLIENT","A","Englewood","CO","","","","","","","T3","2025-11-18","0","","","https://www.businesswire.com/news/home/20251118389583/en/","[2026-08-18 client-register-v1 / P4-049] Denver commercial electrical founded 1986. Seifried family retained equity. Domain not verified.","P4_PLATFORM","MFG Partners","commercial_electrical","CO","","unknown","T3","2025-11-18","VERIFIED","2026-08-17"
"ORG-118","Southern Home Services","","OPERATOR_ACQUIRER","CLIENT","A","","","southernhomeservices.com","","","","","","T3","2025-10-20","0","","","https://southernhomeservices.com/","[2026-08-18 client-register-v1 / P4-055] Nick's Plumbing & Air Conditioning (Houston) Oct 2025, 4th TX location. Sponsor undisclosed. HQ not verified.","P4_PLATFORM","","residential_plumbing|residential_hvac","TX","","yes","T3","2025-10-20","VERIFIED","2026-08-17"
"ORG-119","Teague Electric","","OPERATOR_ACQUIRER","CLIENT","B","Lenexa","KS","teague.com","","","","","","T3","2025-05-15","0","","","https://www.businesswire.com/news/home/20250515946305/en/","[2026-08-18 client-register-v1 / P4-057] KC electrical contractor founded 1978, roll-up platform. Align Collaborate equity.","P4_PLATFORM","IX Capital Partners","commercial_electrical|utility_services","KS","","unknown","T3","2025-05-15","VERIFIED","2026-08-17"
"ORG-120","TechServ","","OPERATOR_ACQUIRER","CLIENT","B","Tyler","TX","","","","","","","T3","2025-06-02","0","","","https://www.bernhardcapital.com/","[2026-08-18 client-register-v1 / P4-058] Utility engineering platform, 850+ employees, 21 states. Platform acquired Jun 2025, NO disclosed add-ons since - visible pipeline gap. Domain not verified.","P4_PLATFORM","Bernhard Capital Partners","energy_services|utility_services","TX","","yes","T3","2025-06-02","VERIFIED","2026-08-17"
"ORG-121","Tecta America","","OPERATOR_ACQUIRER","CLIENT","A","Rosemont","IL","tectaamerica.com","","","","","","T3","2025-12-08","0","","","https://ctacquisitions.com/roofing-pe-rollup-tracker-2026/","[2026-08-18 client-register-v1 / P4-059] Largest PE-backed commercial roofing platform, 100+ locations. Texas Roofing (Round Rock) Dec 2025, 6th add-on of 2025.","P4_PLATFORM","Altas Partners","roofing","NV|OK|TX","","yes","T3","2025-12-08","VERIFIED","2026-08-17"
"ORG-122","The SEER Group","","OPERATOR_ACQUIRER","CLIENT","B","","","","","","","","","T3","2025-04-29","0","","","https://www.businesswire.com/","[2026-08-18 client-register-v1 / P4-063] Swan Electric Plumbing Heating & Air (Sunnyvale TX / greater DFW) Apr 2025 - 42nd brand, Texas entry. Sponsor undisclosed. HQ and domain not verified.","P4_PLATFORM","","residential_hvac|residential_plumbing|residential_electrical","TX","","yes","T3","2025-04-29","VERIFIED","2026-08-17"
"ORG-123","United Building Solutions","","OPERATOR_ACQUIRER","CLIENT","A","Conshohocken","PA","","","","","","","T3","2026-01-20","0","","","https://www.businesswire.com/news/home/20260120089736/en/","[2026-08-18 client-register-v1 / P4-064] DFW Mechanical Group (Wylie, TX) Jan 2026 - 2nd add-on since Feb 2025. DFW President: Brett Thomas. Domain not verified.","P4_PLATFORM","AE Industrial Partners","commercial_hvac|commercial_mep","TX","","yes","T3","2026-01-20","VERIFIED","2026-08-17"
"ORG-124","United Utility Services","","OPERATOR_ACQUIRER","CLIENT","A","","","unitedutility.com","","","","","","T3","2025-12-01","0","","","https://www.sandbrook.com/news/sandbrook-announces-acquisition-of-united-utility-services","[2026-08-18 client-register-v1 / P4-065] Electric grid infra services (T&D/substation). Formed 2018 by Bernhard; sold to Sandbrook Dec 2025. HQ not verified.","P4_PLATFORM","Sandbrook Capital","utility_services|energy_services","","","unknown","T3","2025-12-01","VERIFIED","2026-08-17"
"ORG-125","Anacapa Partners","","","CLIENT","C","San Mateo","CA","anacapapartners.com","Fund III $79M (2015)","","","","","NONE","","0","","","https://anacapapartners.com/","[2026-08-18 client-register-v1 / P5-001] 175+ search partnerships, 60+ operating-company investments. Predictable/recurring revenue. Also acts as IS on select deals.","P5_SEARCH_FUND_INVESTOR","","other","","","unknown","NONE","","VERIFIED","2026-08-17"
"ORG-126","Broadtree Partners","","","CLIENT","C","Charlotte","NC","broadtreepartners.com","$240M multi-asset continuation fund (2025)","","","","","T2","2025","0","","","https://broadtreepartners.com/about/","[2026-08-18 client-register-v1 / P5-002] Operator-centric LMM $1-10M EBITDA; business/government/healthcare/tech services. Second office Charleston SC.","P5_SEARCH_FUND_INVESTOR","","facilities_services","","","unknown","T2","2025","VERIFIED","2026-08-17"
"ORG-127","Endurance Search Partners","","","CLIENT","C","West Palm Beach","FL","endurancesearchpartners.com","","","","","","NONE","","0","","","https://www.endurancesearchpartners.com/","[2026-08-18 client-register-v1 / P5-004] Modern family office; 350+ partnerships, 226 investments. States preference for profitable service companies with recurring revenue.","P5_SEARCH_FUND_INVESTOR","","other","","","unknown","NONE","","VERIFIED","2026-08-17"
"ORG-128","ETA Equity","","","CLIENT","C","Dallas","TX","etaequity.com","","","","","","NONE","","0","","","https://etaequity.com/","[2026-08-18 client-register-v1 / P5-005] Industry-agnostic search-fund/dual-strategy investor. Dallas-based.","P5_SEARCH_FUND_INVESTOR","","other","","","yes","NONE","","VERIFIED","2026-08-17"
"ORG-129","Footbridge Partners","","","CLIENT","C","New York","NY","footbridgepartners.com","","","","","","NONE","","0","","","https://www.footbridgepartners.com/","[2026-08-18 client-register-v1 / P5-006] Founded 2012; stable recurring-revenue businesses in overlooked niches. Second office SF Bay Area.","P5_SEARCH_FUND_INVESTOR","","other","","","unknown","NONE","","VERIFIED","2026-08-17"
"ORG-130","Futaleufu Partners","","","CLIENT","C","Jackson","WY","futaleufu-partners.com","","","","","","NONE","","0","","","https://futaleufu-partners.com/","[2026-08-18 client-register-v1 / P5-007] Long-hold ETA; industry-agnostic, pattern-recognition over industry thesis.","P5_SEARCH_FUND_INVESTOR","","other","","","unknown","NONE","","VERIFIED","2026-08-17"
"ORG-131","Miramar Equity Partners","","","CLIENT","C","Dallas","TX","miramarequity.com","Family office; AUM not stated","","","","","NONE","","0","","","https://miramarequity.com/","[2026-08-18 client-register-v1 / P5-008] Family-office capital funding searchers (Miramar Search Partners); checks up to $25M for stretch deals.","P5_SEARCH_FUND_INVESTOR","","other","","","yes","NONE","","VERIFIED","2026-08-17"
"ORG-132","Nashton Partners (The Nashton Company)","","","CLIENT","C","","","nashton.com","","","","","","NONE","","0","","","https://www.nashton.com/","[2026-08-18 client-register-v1 / P5-009] Holding company; recurring-revenue services in niche markets (pest/vector control, lake management). HQ city not verified.","P5_SEARCH_FUND_INVESTOR","","facilities_services","","","unknown","NONE","","VERIFIED","2026-08-17"
"ORG-133","Next Coast ETA","","","CLIENT","C","Austin","TX","nceta.com","Next Coast ETA Entrepreneurs Fund I (SEC-filed)","","","","","NONE","","0","","","http://nceta.com/","[2026-08-18 client-register-v1 / P5-010] Search division of Next Coast Ventures; lower/middle market.","P5_SEARCH_FUND_INVESTOR","","other","","","yes","NONE","","VERIFIED","2026-08-17"
"ORG-134","Pacific Lake Partners","","","CLIENT","C","Boston","MA","pacificlake.com","CONFLICT: $2.30B client assets (2025-12-31 brochure) vs $2,179,904,230 Form ADV (2026-05-08)","","","","","NONE","","0","","","https://www.pacificlake.com/","[2026-08-18 client-register-v1 / P5-011] Leading search-fund investor since Jul 2009, 202+ investments. Industry-agnostic, backs service companies ~$10-30M revenue. Both AUM figures carried.","P5_SEARCH_FUND_INVESTOR","","other","","","unknown","NONE","","VERIFIED","2026-08-17"
"ORG-135","Permanent Equity","","","CLIENT","C","Columbia","MO","permanentequity.com",">$300M; Fund 2 $248M (2019), ~30-yr funds","","","","","NONE","","0","","","https://www.permanentequity.com/","[2026-08-18 client-register-v1 / P5-012] ~30-year funds. Portfolio incl. niche construction, manufacturing and distribution.","P5_SEARCH_FUND_INVESTOR","","industrial_services","","","unknown","NONE","","VERIFIED","2026-08-17"
"ORG-136","Relay Investments","","","CLIENT","C","Boston","MA","relayinvestments.com","~$200M (Fund III, 2022)","","","","","NONE","","0","","","https://www.relayinvestments.com/","[2026-08-18 client-register-v1 / P5-013] 250+ search funds, 160+ acquisitions. Industry-agnostic; 15-25% stake, $1-3.5M equity checks.","P5_SEARCH_FUND_INVESTOR","","other","","","unknown","NONE","","VERIFIED","2026-08-17"
"ORG-137","Search Fund Partners","","","CLIENT","C","","CA","searchfunds.net","","","","","","NONE","","0","","","https://www.searchfunds.net/","[2026-08-18 client-register-v1 / P5-014] First PE fund dedicated to search funds (2004); 202 investments through 2025. Bay Area; exact city not verified.","P5_SEARCH_FUND_INVESTOR","","other","","","unknown","NONE","","VERIFIED","2026-08-17"
"ORG-138","Trilogy Search Partners","","","CLIENT","C","Mercer Island","WA","trilogy-search.com","","","","","","NONE","","0","","","https://trilogy-search.com/team","[2026-08-18 client-register-v1 / P5-015] Founded 2014; 66 portfolio companies, 18 acquisitions. Second office SF.","P5_SEARCH_FUND_INVESTOR","","other","","","unknown","NONE","","VERIFIED","2026-08-17"
"ORG-139","WSC & Company","","","CLIENT","C","Charlotte","NC","wscandcompany.com","Fund II ~$100M (2020); >$2B portfolio EV","","","","","NONE","","0","","","https://wscandcompany.com/","[2026-08-18 client-register-v1 / P5-016] Business products and services $2-6M EBITDA. Backed Yard Alliance/YardWorks residential landscaping platform.","P5_SEARCH_FUND_INVESTOR","","landscaping","","","unknown","NONE","","VERIFIED","2026-08-17"
"ORG-143","BlueAlpha Capital","","FAMILY_OFFICE","CLIENT","C","Southlake","TX","bluealphacap.com","","","","","","","","0","","","https://www.bluealphacap.com/","[2026-08-19 verification pass / P2-004] Own site: private markets investment manager for the Sanjay Chandra Family, Southlake TX (2102 E SH-114), founded 2006; buyout, growth equity, venture, real estate, private credit.","P2_FAMILY_OFFICE","","other","TX","7","yes","NONE","","VERIFIED","2026-08-19"
"ORG-151","Cranbrook Partners","","FAMILY_OFFICE","CLIENT","A","Troy","MI","cranbrookpartners.com","","","","","","T3","2026-03-01","0","","","https://www.cranbrookpartners.com/we-manage/","[2026-08-19 verification pass / P2-009] Own 'We Manage' page: owns and manages Fire CATT (fire-hose testing, 45 states), Roman Stone Construction (precast concrete, 120 yrs), Ritner Steel (structural steel, 77 yrs), and iwerk (IT/hosting) — 4 holdings, not 5; Troy MI (3250 W. Big Beaver); contact Zachary Savas (also FireCatt founder/co-owner). NOTES: the page does not use the 'family office' label, and does not date the Mar 2026 activity — the transaction date remains directory-grade.","P2_FAMILY_OFFICE","","fire_life_safety|industrial_services","","4","unknown","T3","2026-03-01","VERIFIED","2026-08-19"
"ORG-146","Davenforth","","FAMILY_OFFICE","CLIENT","C","Austin","TX","davenforth.co","","","","","","","","0","","","https://www.davenforth.co/about-us","[2026-08-19 verification pass / P2-010] Own site: joint family office of Bradley Roofner and Logan Brown (co-founders of WLE, 250-employee commercial landscaping company sold to BrightView Oct 2020), Austin (1111 E 11th St). CORRECTIONS: mandate is minority, majority, AND wholly-owned stakes — not exclusively majority buyouts; the $3M+ recurring-revenue threshold is not on the current site; site notes it is 'currently buying businesses in the cloud communication industry.'","P2_FAMILY_OFFICE","","landscaping","TX","","yes","NONE","","VERIFIED","2026-08-19"
"ORG-140","Investar Financial Corporation","","FAMILY_OFFICE","CLIENT","C","Dallas","TX","investarfinancial.com","","","","","","","","0","","","https://investarfinancial.com/about.htm","[2026-08-19 verification pass / P2-015] Own site: family-owned private holding company / 'a Dallas-based family office investing capital with a long-term horizon'; LMM private equity, operating companies (US Hispanic market focus), active equity, real estate. CORRECTION: the '$1.0B AUM (self-stated)' claim is NOT on the firm's site — third-party databases only; dropped. 'Since 2001' also unconfirmed.","P2_FAMILY_OFFICE","","other","TX","3","yes","NONE","","VERIFIED","2026-08-19"
"ORG-148","Kompass Kapital","","FAMILY_OFFICE","CLIENT","A","Overland Park","KS","kompasskapital.com","$1B+ AUM (own site, 2026)","","","","","T3","2026-05-01","0","","","https://www.prnewswire.com/news-releases/aaa-city-plumbing-acquired-by-founders-home-service-group-302760207.html","[2026-08-19 verification pass / P2-016] Own site: privately held investment firm and single-family office, Overland Park KS (9800 Metcalf Ave) WITH A DALLAS OFFICE; $1B+ AUM, 100+ investments, 5 portfolio companies incl. Founders Home Service Group (residential plumbing/HVAC/electrical acquirer). PR Newswire 2026-05-01: AAA City Plumbing (Rock Hill SC / Charlotte NC) acquired by Founders HSG, 'a Kompass Kapital platform company.' CORRECTIONS: HQ Overland Park KS, not Kansas City MO; Texas exposure YES via the Dallas office; listicle trigger source replaced by the release.","P2_FAMILY_OFFICE","","residential_hvac|residential_plumbing|residential_electrical","KS","1","yes","T3","2026-05-01","VERIFIED","2026-08-19"
"ORG-141","Lang Partners","","FAMILY_OFFICE","CLIENT","C","Dallas","TX","lang-partners.com","","","","","","","","0","","","https://lang-partners.com/","[2026-08-19 verification pass / P2-017] Own site: real estate development firm and family office investor — RE, public equity, LBOs, acquisitions, fixed income, special situations; 1501 Dragon St, Dallas. CORRECTION: the Service Star Brands connection is aggregator-only — Lang's site never mentions it and servicestarbrands.com names no investor (SSB is a founder-led North Texas HVAC consolidator, not franchising). Platform count is directory-grade.","P2_FAMILY_OFFICE","","other","TX","10","yes","NONE","","VERIFIED","2026-08-19"
"ORG-150","MasGroup","","FAMILY_OFFICE","CLIENT","A","","","","","","","","","T3","2026-04-02","0","","","https://www.prnewswire.com/news-releases/superior-roofing-completes-ownership-transition-302733333.html","[2026-08-19 verification pass / P2-018] PR Newswire 2026-04-02 (Aurora CO dateline): Superior Roofing LLC ownership transition to an investor group of 'JC Mas of MasGroup,' BaseCamp Equity, Plexus Capital, and Randy Paulson; MasGroup described as 'a strategic single-family office focused on building and supporting the essential assets, services and technologies that power modern infrastructure and healthcare'; JC Mas, Chairman. HQ/domain still unverified — secondary press places the Mas family firm (MasTec founders) in Coral Gables FL; not primary-confirmed.","P2_FAMILY_OFFICE","","roofing","CO","1","unknown","T3","2026-04-02","VERIFIED","2026-08-19"
"ORG-154","NorthCurrent Partners","","FAMILY_OFFICE","CLIENT","A","New York","NY","northcurrentpartners.com","","","","","","T3","2025-12-01","0","","","https://northcurrentpartners.com/","[2026-08-19 verification pass / P2-022] Own homepage: 'a family office-backed firm that invests in and grows American businesses through majority-control partnerships.' Liberty Service Partners release (PR Newswire 2025-08-27, Restivo's Heating & Air) boilerplate: 'New York based private equity firm… As the extension of a family office that grew and sold a family business to private equity…'; Liberty (Dallas; residential HVAC/plumbing/electrical) is the flagship, founded late 2020. TYPE CONFLICT resolved toward P2 on the firm's own language — neither primary describes deal-by-deal fundraising. CORRECTIONS: HQ is New York NY (TX/FL is portfolio geography); '25 closed deals' unconfirmed; the Dec 2025 trigger date is not primary-confirmed.","P2_FAMILY_OFFICE","","residential_hvac|residential_plumbing|residential_electrical","TX|FL","1","yes","T3","2025-12-01","VERIFIED","2026-08-19"
"ORG-152","Pearl Street Capital Partners","","FAMILY_OFFICE","CLIENT","A","","","pearlstreetcp.com","","","","","","T3","2026-04-01","0","","","https://www.pearlstreetcp.com/","[2026-08-19 verification pass / P2-024] Own site: 'a partner for family-owned businesses,' backed by 'Family Office Capital… friendly capital with a long investment horizon'; names Aligned Exteriors Group, Fargo Roofing & Siding (under AEG), Measurement Control Systems. PR Newswire 2026-04-01: Pearl Street launches Panther Service Group, a plumbing/HVAC/electrical platform in Florida (Alex Study, Managing Partner). NOT CONFIRMED: the 'two family offices' count and the $1-7M EBITDA range; HQ not stated on pages read. FO/IS ambiguity not settled by primaries — kept P2.","P2_FAMILY_OFFICE","","industrial_services|roofing|residential_hvac","FL|MI|OH|IL|MN","4","unknown","T3","2026-04-01","VERIFIED","2026-08-19"
"ORG-144","Preservation Holdings LLC","","FAMILY_OFFICE","CLIENT","C","Fort Worth","TX","preservationholdings.com","","","EBITDA/NOI $500K-4.0M; EV $3-15M (own site)","","","","","0","","","https://preservationholdings.com/","[2026-08-19 verification pass / P2-026] Own site: multi-generational family office holding company, Fort Worth (650 N. Freeway); holds indefinitely (35+ years in cases); majority and minority; services, distribution, manufacturing. CORRECTIONS: HQ is Fort Worth, not Dallas; the Air Assurance / HomeTown Services (2022) claim is MISATTRIBUTED — HomeTown Services (incl. Air Assurance, Tulsa OK) is a CenterOak Partners portfolio company per CenterOak's own investments page — trigger struck, HVAC/plumbing verticals and OK exposure struck with it; site names no portfolio companies.","P2_FAMILY_OFFICE","","other","TX","","yes","NONE","","VERIFIED","2026-08-19"
"ORG-149","Progeny 3","","FAMILY_OFFICE","CLIENT","A","Kirkland","WA","","","","","","","T3","2026-04-15","0","","","https://www.morningstar.com/news/business-wire/20260414818602/new-equity-partner-positions-cadre-energy-solutions-llc-to-accelerate-growth-in-contract-compression","[2026-08-19 verification pass / P2-028] Business Wire release 2026-04 (read via syndicated copies at vcnewsdaily.com and pgjonline.com; businesswire 403s fetchers): 'Progeny 3, Inc., a single-family office with significant experience investing in energy' made an equity investment in HOUSTON-based Cadre Energy Solutions (contract natural gas compression), joining Intrepid Investment Management; quotes Danny Knight, Portfolio Manager. Texas exposure YES via Cadre (Houston). NOTE: Kirkland WA HQ is per directories, not primary-confirmed; no firm website found.","P2_FAMILY_OFFICE","","energy_services","TX","1","yes","T3","2026-04-15","VERIFIED","2026-08-19"
"ORG-153","SIG Partners","","FAMILY_OFFICE","CLIENT","A","Dallas","TX","sigpartners.com","","","","","","T3","2026-01","0","","","https://sigpartners.com/our-companies","[2026-08-19 verification pass / P2-034] Own site (bot-blocks fetchers; read via browser): 'family-owned holding company investing in great American businesses for the long term' — $315M paid to owners, 37 businesses in the last 5 years, 99% post-close employee retention, 'There is no fund, no timeline'; targets $4M+ revenue; Dallas (4030 Maple Ave). Portfolio lists Snipps Heating & Air Conditioning (Montrose CO, residential + commercial), 'Closed: January 2026.' CORRECTIONS: 37 businesses / 5 years (row said 30+/6); diversified — home services, healthcare, manufacturing, distribution — not residential-HVAC-only; '90-100% cash to close' is Axial-only, not on the site.","P2_FAMILY_OFFICE","","residential_hvac","TX","","yes","T3","2026-01","VERIFIED","2026-08-19"
"ORG-142","The Arnold Companies","","FAMILY_OFFICE","CLIENT","C","Dallas","TX","thearnoldcos.com","","","","","","","","0","","","https://www.thearnoldcos.com/","[2026-08-19 verification pass / P2-037] Own site: family investment management and services firm, Dallas (100 Crescent Court); founded 1964 in Texarkana by Truman Arnold as a wholesale refined-petroleum distributor; Greg Arnold CEO since 2003; investments across RE, retail, banking, aviation, technology; operates TAC Energy and TAC Private Hangars.","P2_FAMILY_OFFICE","","energy_services","TX","7","yes","NONE","","VERIFIED","2026-08-19"
"ORG-147","Thrive Five","","FAMILY_OFFICE","CLIENT","C","Dallas","TX","thrivefive.com","","","","","","","","0","","","https://thrivefive.com/portfolio/","[2026-08-19 verification pass / P2-039] Own site: Dallas (5910 N US 75-Central Expy); 8 portfolio entries — outdoor/building products (Thrive Outside, Fortress Building Products, Cubix Outdoors, Vioscapes), healthcare (Surgical Training Institute, Streamline Healthcare), plus 2 real-estate holdings. Founder Matt Sherstad ran Fortress Building Products 20 years to $150M+ revenue. Site self-describes as 'entrepreneurs investing in entrepreneurs'; the SFO label is from secondary profiles.","P2_FAMILY_OFFICE","","other","TX","6","yes","NONE","","VERIFIED","2026-08-19"
"ORG-145","Treaty Oak Equity","","FAMILY_OFFICE","CLIENT","C","Austin","TX","treatyoakequity.com","","","","","","T3","2024-03-29","0","","","https://aijourn.com/treaty-oak-equity-sells-stans-home-services-holdings-to-the-master-trades-group/","[2026-08-19 verification pass / P2-041] Business Wire release 2024-03-29 (verbatim reprint; businesswire.com timed out): Treaty Oak Equity LLC, 'an Austin-based private investment firm with capital commitments from two Texas family offices,' sold Stan's Home Services Holdings (Stan's Heating Air Plumbing & Electrical + Wagner Mechanical, Albuquerque NM) to The Master Trades Group; had acquired Stan's in 2018. Own site confirms Austin (1012 Rio Grande). Post-exit — between trade platforms.","P2_FAMILY_OFFICE","","residential_hvac|residential_plumbing|residential_electrical","TX","6","yes","T3","2024-03-29","VERIFIED","2026-08-19"
